,Ten,Hinh,Gia,MoTa,TheLoai,YeuThich
0,Thuá»‘c kÃ­ch rá»… ThÃ¡i,https://hoalanhuyanh.com/userfiles/image/vat-tu/thuoc/kich-re-hang-thai-1-1.jpg,100000,"Thuá»‘c kÃ­ch rá»… cÃ´ng cá»¥ hiá»‡u quáº£ giÃºp nhÃ  vÆ°á»n, ngÆ°á»i trá»“ng lan thÃºc Ä‘áº©y sá»± phÃ¡t triá»ƒn cá»§a cÃ¢y sau khi ghÃ©p",Gia ?Enh,
1,Cháº­u tráº§m nestor Ä‘áº¹p,https://hoalanhuyanh.com/userfiles/image/gio-lan/chau-nestor/anh-nho-chau-nestor-4-dau-1.jpg,350000,"Tráº§m nestor loáº¡i tráº§m Ä‘a pháº§n ra bÃ´ng to mÃ u Ä‘áº­m, ráº¥t thÆ¡m. Äáº·c biá»‡t cÃ¢y ráº¥t khá»e, ráº¥t sai hoa. CÃ¹ng mÃ¹a hoa vá»›i tráº§m tÃ­m.",Sinh Nh?t,
2,Giáº£ háº¡c sao thiÃªn vÆ°Æ¡ng,https://hoalanhuyanh.com/userfiles/image/shop-hoa-lan/gia-hac/sao-thien-vuong/anh-nho-sao-thien-vuong-hinh-hoa.jpg,700000,"Sao thiÃªn vÆ°Æ¡ng lÃ  loáº¡i giáº£ háº¡c cÃ³ máº·t bÃ´ng cá»±c Ä‘áº¹p, lÃ  cÃ¢y tem nhÃ¢n giá»‘ng ra nhiá»u máº·t hoa khÃ¡c tÆ°Æ¡ng tá»±. CÃ¢y ráº¥t Ä‘áº¹p, thÃ¢n máº­p",Khai Tr??ng,
3,ThiÃªn cung 3 lÆ°á»¡i,https://hoalanhuyanh.com/userfiles/image/shop-hoa-lan/doc-dao/thien-cung-3-luoi/anh-nho-hinh-hoa-thien-cung-3-luoi.jpg,850000,"BÃ´ng hoa lan 3 lÆ°á»¡i cá»±c hiáº¿m gáº·p vÃ  vÃ´ cÃ¹ng Ä‘áº¹p, thay vÃ¬ 1 chÃºng cÃ³ Ä‘áº¿n 3 lÆ°á»¡i, chá»‰ cÃ²n láº¡i 3 cÃ¡nh dÃ i. Trong sá»‘ cÃ¡c kiá»ƒu hoa thÃ¢n thÃ²ng thÃ¬ phom hoa nÃ y lÃ  hiáº¿m gáº·p nháº¥t.",20/11,
4,Tráº§m thiÃªn long,https://hoalanhuyanh.com/userfiles/image/shop-hoa-lan/tram/thien-long/anh-nho-thien-long-hinh-hoa.jpg,450000,"ThiÃªn long tÃªn má»™t loáº¡i tráº§m cá»§a ÄÃ i Loan cÃ³ hoa há»™i tá»¥ Ä‘áº§y Ä‘á»§ yáº¿u tá»‘ Ä‘Æ°á»£c coi lÃ  bÃ´ng tráº§m Ä‘áº¹p, cÃ¡nh báº§u, mÃ u Ä‘á» Ä‘á»u, máº¯t Ä‘áº­m, ráº¥t thÆ¡m, bÃ´ng to.Â ",Thanh Cao,
5,"Giáº£ háº¡c 5 cÃ¡nh tráº¯ng há»ng há»“ng, hÃ ng ÄÃ i",https://hoalanhuyanh.com/userfiles/image/shop-hoa-lan/phi-diep/5ct-dai/5ct-dai-loan-1-2.jpg,450000,"Giáº£ háº¡c 5 cÃ¡nh tráº¯ng há»ng há»“ng (Den anosmum var semir aba pink), hÃ ng ÄÃ i Loan hay phi Ä‘iá»‡p 5 cÃ¡nh tráº¯ng há»ng há»“ng, má»—i máº§m dÃ i khoáº£ng 20cm, Ä‘ang phÃ¡t triá»ƒn máº¡nh. Xem hÃ¬nh áº£nh bÃªn dÆ°á»›i.",TEnh YEu,
6,Tráº§m tráº¯ng hÃ ng ThÃ¡i,https://hoalanhuyanh.com/userfiles/image/shop-hoa-lan/tram/trang-thai/tram-trang-thai-cay-dep-3-2.jpg,260000,"Tráº§m tráº¯ng hÃ ng ThÃ¡i , cáº­y Ä‘áº¹p Ä‘ang phÃ¡t triá»ƒn tá»‘t, cÃ¡c bÃ¡c cÃ³ thá»ƒ xem hÃ¬nh áº£nh thá»±c táº¿ bÃªn dÆ°á»›i nhÃ©, em bÃ¡n cÃ¢y nhÆ° hÃ¬nh. Thoáº£i mÃ¡i hoa mÃ¹a tá»›i",Gia ?Enh,
7,Kiáº¿m vÃ ng,https://hoalanhuyanh.com/userfiles/image/shop-hoa-lan/lan-dep-khac/kiem/kiem-vang-3-1.jpg,1500000,"Loáº¡i kiáº¿m nÃ y khÃ¡ dá»… chÄƒm sÃ³c, hoa Ä‘áº¹p mÃ u vÃ ng vÃ o mÃ¹a hÃ¨, cÃ¢y ráº¥t khá»e. PhÃ¹ há»£p vá»›i khÃ­ háº­u nhiá»u vÃ¹ng",?am ME Huy?n BE,
8,Giáº£ háº¡c Chá»›p má»¹,https://hoalanhuyanh.com/userfiles/image/shop-hoa-lan/doc-dao/hoa-lan-chop-my-1-1.jpg,1300000,"Máº·t bÃ´ng Ä‘áº¹p, láº¡ Ä‘Æ°á»£c nhiá»u ngÆ°á»i yÃªu thÃ­ch. MÃ u chá»›p tráº¯ng tÃ­m, bÃ´ng to. Loáº¡i lan nÃ y dÃ nh Ä‘Æ°á»£c giáº£i thÆ°á»Ÿng hoa lan Ä‘áº¹p nháº¥t cá»§a Má»¹, vÃ¬ tháº¿ má»i ngÆ°á»i gá»i lÃ  chá»›p má»¹. Hiá»‡n táº¡i á»Ÿ viá»‡t nam Ä‘Ã¢y váº«n lÃ  má»™t giá»‘ng lan hiáº¿m, cÃ³ giÃ¡ khÃ¡ cao, nhÆ°ng máº·t bÃ´ng thÃ¬ thá»±c sá»± xá»©ng Ä‘Ã¡ng.",S? Ki?n,
9,Ono 15,https://hoalanhuyanh.com/userfiles/image/shop-hoa-lan/tram/2017/ono/hinh-hoa-ono-15-1.jpg,180000,"HÃ ng Ä‘Ã i nÃªn máº·t hoa ráº¥t Ä‘áº¹p vÃ  chuáº©n. Giáº£ háº¡c ONO 15 cÃ³ thÃ¢n khÃ¡ giá»‘ng hoa há»“ng Ä‘á» hay há»“ng ngá»c nhÆ°ng phom hoa hoÃ n toÃ n khÃ¡c, ráº¥t ná»•i báº­t. Báº£o hÃ nh máº·t hoa",Sinh Nh?t,
10,Giáº£ háº¡c 5 cÃ¡nh tráº¯ng há»ng tÃ­m,https://hoalanhuyanh.com/userfiles/image/shop-hoa-lan/phi-diep/2017/5canhtrangtim/5-canh-trang-hong-tim-1-1.jpg,250000,"CÃ¢y khá»e Ä‘áº¹p, hÃ ng Ä‘Ã i loan , báº£o hÃ nh máº·t hoa 5 cÃ¡nh tráº¯ng há»ng tÃ­m. Hiá»‡n táº¡i em bÃ¡n Ä‘ang trá»“ng cá»‘c rÃªu giá»¯ áº©m, cÃ³ 2 cá»¡ Ä‘á»u cÃ³ thá»ƒ hoa mÃ¹a tá»›i",Trang Tr?ng,
11,Tráº§m 6 cÃ¡nh hÃ ng Ä‘Ã i,https://hoalanhuyanh.com/userfiles/image/shop-hoa-lan/tram/6-canh/tram-6-canh-3-1.jpg,400000,"CÃ¢y mÃ´ nÄƒm 2 nÃªn ráº¥t khá»e, cÃ¡c thÃ¢n non phÃ¡t triá»ƒn máº¡nh. Hoa 6 cÃ¡nh, sáº¯c Ä‘á»™ mÃ u tÃ­m hoáº·c Ä‘á» khÃ¡c nhau.",V?n PhEng,
12,Giáº£ háº¡c Ä‘áº¡i báº¡ch long,https://hoalanhuyanh.com/userfiles/image/shop-hoa-lan/phi-diep/gia-hac/dai-bach-long-3-1.jpg,220000,ÄÃ¢y lÃ  loáº¡i lan ná»•i tiáº¿ng vá»›i chiá»u dÃ i vÃ  máº·t hoa Ä‘áº¹p cá»§a Ä‘Ã i loan. CÃ¢y cÃ³ hoa tráº¯ng vÃ  chiá»u dÃ i khá»§ng nÃªn hoÃ n toÃ n xá»©ng Ä‘Ã¡ng vá»›i tÃªn Ä‘áº¡i báº¡ch long,Sinh Nh?t,
13,Giáº£ háº¡c 4N,https://hoalanhuyanh.com/userfiles/image/shop-hoa-lan/phi-diep/gia-hac/gia-hac-4n-3-1.jpg,260000,"Äáº·c Ä‘iá»ƒm giáº£ háº¡c 4N bÃ´ng to, ráº¥t sai hoa, mÃ u hoa Ä‘áº­m, thÆ¡m. ThÃ¢n cÃ¢y to phÃ¡t triá»ƒn ráº¥t nhanh, lÃ¡ trÃ²n trÃ²n ráº¥t Ä‘áº¹p.Â ",T?ng M?,
14,Tráº§m 6 máº¯t,https://hoalanhuyanh.com/userfiles/image/shop-hoa-lan/tram/6-mat/tram-6-mat-4-1.jpg,240000,"CÃ³ nhiá»u máº·t, hoa cÃ¡c bÃ´ng cÃ³ máº¯t Ä‘áº¡m, nháº¡t, to nhá» khÃ¡c nhau. CÃ¡c bÃ´ng chuáº©n cÃ³ giÃ¡ trá»‹ cao lÃ  bÃ´ng cÃ³ Ä‘á»§ 6 máº¯t Ä‘áº­m vÃ  kÃ­ch thÆ°á»›c cÃ¡c máº¯t Ä‘á»“ng Ä‘á»u.",Gia ?Enh,
15,Giáº£ háº¡c há»“ng bÃºp bÃª,https://hoalanhuyanh.com/userfiles/image/shop-hoa-lan/gia-hac/hong-bup-be/anh-nho-hoa-gia-hac-hong-bup-be.jpg,320000,"Giáº£ háº¡c há»“ng bÃºp bÃª, cÃ¢y Ä‘áº¹p mÃ  hoa láº¡i cÃ ng Ä‘áº¹p hÆ¡n, cÃ³ nÃ©t giá»‘ng sao thiÃªn vÆ°Æ¡ng nhÆ°ng nháº¹ nhÃ ng, tinh táº¿ hÆ¡n. ÄÃ¢y lÃ  má»™t giá»‘ng giáº£ háº¡c má»›i cá»§a ÄÃ i Loan. [CÃ¢y to, Hoa mÃ¹a tá»›i]",?am ME Huy?n BE,
16,Tráº§m Thanh Hoa cÃ¡nh Ã¡m,https://hoalanhuyanh.com/userfiles/image/shop-hoa-lan/tram/thanh-hoa/anh-nho-hinh-hoa-tram-thanh-hoa.jpg,350000,BÃ´ng tráº§m nÃ y lÃ  sá»± káº¿t há»£p cá»§a loáº¡i tráº§m thanh hoa ná»•i tiáº¿ng vÃ  tráº§m Ã¡m máº¯t nai. Máº·c dÃ¹ lÃ  cÃ¢y lai nhÆ°ng Ä‘Ã£ cho hoa á»•n Ä‘á»‹nh nÄƒm trÆ°á»›c,20/11,
17,Tráº§m tÃ­m trá»“ng vÆ°á»n Ä‘Ã£ lÃ¢u,https://hoalanhuyanh.com/userfiles/image/gio-lan/tram-tim/thuan-lau/hinh-hoa-tram-tim.jpg,300000,"Tráº§m tÃ­m trá»“ng gá»— hoáº·c cháº­u nhá»¯a, dá»… dÃ ng ghÃ©p giÃ¡ thá»ƒ má»›i, nhiá»u ngá»n dÃ i, táº¥t cáº£ Ä‘á»u trÃªn 3 nÄƒm. NÄƒm nÃ o cÅ©ng sai hoa, cÃ¢y ráº¥t khá»e, dá»… chÄƒm",T?ng M?,
18,Tráº§m 5 cÃ¡nh tráº¯ng máº¯t há»“ng ngá»c,https://hoalanhuyanh.com/userfiles/image/shop-hoa-lan/tram/5-ct/hong-ngoc/anh-nho-hinh-hoa-5-ct-mat-hong-ngoc.jpg,380000,BÃ´ng tráº§m 5 cÃ¡nh tráº¯ng máº¯t há»“ng ngá»c cÃ³ phom hoa tÆ°Æ¡ng tá»± nhÆ° 5 cÃ¡nh tráº¯ng máº¯t Ä‘á» hay 5 cÃ¡nh tráº¯ng blue nhÆ°ng nhÃ¬n ká»¹ sáº½ tháº¥y máº¯t cÃ³ sá»± khÃ¡c biá»‡t,Sinh Nh?t,
19,Tráº§m Ã¡m máº¯t tÃ­m Ä‘áº­m,https://hoalanhuyanh.com/userfiles/image/shop-hoa-lan/tram/am-mat-tim/anh-nho-hoa-mau-dai-loan-sai-hoa.jpg,350000,"CÃ¡nh ráº¥t sáº¡ch chá»‰ dÃ­nh chÃºt Ã­t vá»‡t mÃ u ráº¥t khÃ³ tháº¥y, cÃ¡nh báº§u Ä‘áº¹p, Ä‘áº·c biá»‡t máº¯t tÃ­m Ä‘áº­m. CÃ³ 2 loáº¡i Ä‘Ã£ xá»• hoa vÃ  chÆ°a xá»• hoa, loáº¡i tráº§m nÃ y ráº¥t sai hoa.",T?ng M?,
20,Tráº§m tÃ­m lai Hawaii tÃ­m,https://hoalanhuyanh.com/userfiles/image/shop-hoa-lan/lai/tram-lai-hawaii/anh-nho-hinh-hoa-tham-khao.jpg,220000,"Tráº§m tÃ­m cÃ³ phom hoa Ä‘áº¹p hÆ°Æ¡ng thÆ¡m ná»“ng nÃ n, trong khi Ä‘Ã³ Hawaii cÅ©ng ráº¥t thÆ¡m bÃ´ng hÆ¡i rá»§ nhÆ°ng láº¡i to. KhÃ´ng biáº¿t 2 loáº¡i nÃ y sáº½ ra hÆ°Æ¡ng nhÆ° nÃ o? CÃ¡c bÃ¡c cÃ³ hÃ³ng cÃ¹ng em khÃ´ng?",T?ng M?,
21,Hawai lÃ¡ biÃªn,https://hoalanhuyanh.com/userfiles/image/shop-hoa-lan/lan-dep-khac/hawai-la-bien-1.jpg,240000,"Giáº£ háº¡c hawai loáº¡i lÃ¡ biÃªn, hoa mÃ u tÃ­m Ä‘áº­m ráº¥t Ä‘áº¹p. CÃ¢y Ä‘ang dÃ i khoáº£ng 35 cm - 40cm. BiÃªn cáº£ viá»n lÃ¡ nhÃ©, cháº¯c cháº¯n lÃ  ná»•i báº­t.Â ",TEnh YEu,
22,Tráº§m lai vÃ´i nháº­t,https://hoalanhuyanh.com/userfiles/image/shop-hoa-lan/lai/tramxvoinhat/tram-lai-voi-nhat-1-1.jpg,230000,HÃ ng lai nhÆ°ng cÃ³ máº·t bÃ´ng rá»“i ah. Hoa thÆ¡m ráº¥t sai hoa vÃ  cá»±c áº¥n tÆ°á»£ng. CÃ¢y ghÃ©p báº£ng gá»— ráº¥t khá»e.,Gia ?Enh,
23,Chá»›p má»¹ gieo háº¡t,https://hoalanhuyanh.com/userfiles/image/shop-hoa-lan/lai/chop/chop-my-gieo-het-2-1.jpg,450000,"2 bÃ´ng chá»›p Ä‘áº¹p lai, hoa sá»• xá»‘, hÃ ng gieo háº¡t Ä‘Ã i loan. CÃ¢y Ä‘ang phÃ¡t triá»ƒn ráº¥t Ä‘áº¹p, Ä‘á»§ tuá»•i hoa mÃ¹a tá»›i. Hoa xá»• nhÆ°ng cháº¯c cháº¯n ra chá»›p, chá»‰ lÃ  khÃ´ng cháº¯c cháº¯n sáº¯c Ä‘á»™ cá»§a chá»›p.",S? Ki?n,
24,Super thrive thuá»‘c tÆ°á»›i lan,https://hoalanhuyanh.com/userfiles/image/vat-tu/thuoc/thuoc-cho-lan-super-thrive-1-1.jpg,250000,"Super thrive Â Loáº¡i thuá»‘c dÃ nh cho lan hiá»‡u quáº£ khÃ´ng thá»ƒ phá»§ nháº­n, hÃ ng xÃ¡ch tay má»¹. Cá»±c ká»³ Ä‘áº­m Ä‘áº·c gáº¥p 3.4 láº§n so vá»›i cÃ¡c loáº¡i thuá»‘c khÃ¡c",T?ng M?,
25,Tráº§m Ä‘á» lai tráº§m 6 máº¯t,https://hoalanhuyanh.com/userfiles/image/shop-hoa-lan/lai/6mat-do/tram-6mat-do-1-1.jpg,230000,"ÄÆ°á»£c lai táº¡o tá»« 2 bÃ´ng tráº§m tuyá»‡t Ä‘áº¹p lÃ  tráº§m Ä‘á» bÃ´ng Ä‘áº­m vÃ  tráº§m 6 máº¯t Ä‘á»™c Ä‘Ã¡o. CÃ¢y khá»e, máº­p ra hoa vÃ o nÄƒm tá»›i.",Sinh Nh?t,
26,Äai chÃ¢u cÃ¢y Ä‘Ã´i to,https://hoalanhuyanh.com/userfiles/image/gio-lan/dai-chau/trang/chau-trang-cay-doi-1-1.jpg,1100000,"BÃ¡n cháº­u Ä‘ai chÃ¢u tráº¯ng lÃ¡ Ä‘áº¹p, cÃ³ video quay chi tiáº¿t cháº­u cÃ¢y. Gá»“m 2 cÃ¢y 5 cáº·p lÃ¡ vÃ  9 cáº·p lÃ¡, Ä‘ang ná»¥Â ",T?ng M?,
27,Giáº£ háº¡c chÃ¢u nhÆ°,https://hoalanhuyanh.com/userfiles/image/shop-hoa-lan/gia-hac/chau-nhu/gia-hac-chau-nhu-gieo-hat-3-1.jpg,160000,"KhÃ´ng pháº£i chá»‰ cÃ³ má»™t máº·t bÃ´ng duy nháº¥t, Ä‘Ã£ cÃ³ tá»« ráº¥t lÃ¢u, Ä‘áº¿n giá» váº«n cÃ³ nhá»¯ng bÃ´ng chÃ¢u nhÆ° má»›i, lÃ  má»™t trong sá»‘ Ã­t giáº£ háº¡c lai Ä‘áº¹p cá»§a viá»‡t nam Ä‘Æ°á»£c Ä‘Ã i loan mua láº¡i Ä‘á»ƒ nhÃ¢n giá»‘ng",T?ng M?,
28,Phi Ä‘iá»‡p 6 máº¯t ThÃ¡i BÃ¬nh,https://hoalanhuyanh.com/userfiles/image/shop-hoa-lan/doc-dao/pd-6-mat-thai-binh/phi-diep-6-mat-thai-binh-hinh-hoa-anh-nho.jpg,1400000,"BÃ¡n kei phi Ä‘iá»‡p 6 máº¯t ThÃ¡i BÃ¬nh, máº·t hoa Ä‘áº¹p, Ä‘ang báº¯t Ä‘áº§u ra rá»…. NÄƒm nay chá»‰ nhÃ¢n Ä‘Æ°á»£c Ã­t kei thÃ´i, bÃ¡c nÃ o yÃªu liÃªn há»‡ trá»±c tiáº¿p",Gia ?Enh,
29,"Äai chÃ¢u trá»¥ gá»—, Ä‘Ã£ thuáº§n ráº¥t lÃ¢u",https://hoalanhuyanh.com/userfiles/image/gio-lan/dai-chau/tru-go/anh-nho-dai-chau-ghep-tru-go-cay-to-dep.jpg,2500000,"Má»—i trá»¥ cÃ³ 9,10 ngá»n hÃ ng rá»«ng nÃªn chá»‰ cÃ³ 2 mÃ u Ä‘á» tráº¯ng vÃ  tÃ­m tráº¯ng, Ä‘Ã£ ra hoa cÃ¡c mÃ¹a trÆ°á»›c. CÃ¢y to, lÃ¡ dáº§y, dÃ i Ä‘áº¹p. Bá»™ rá»… ráº¥t phÃ¡t triá»ƒn",T?ng M?,
30,Ngá»c Ä‘iá»ƒm hoa sá»• xá»‘,https://hoalanhuyanh.com/userfiles/image/shop-hoa-lan/ngoc-diem/dai-chau-thai/anh-nho-dai-chau-hoa-xo-4.jpg,150000,"Lan Ä‘ai chÃ¢u hay lan Ngá»c Ä‘iá»ƒm hoa sá»• xá»‘ nhiá»u mÃ u Ä‘áº¹p, cÃ¢y Ä‘Æ¡n trá»“ng cháº­u nhá»±a ráº¥t Ä‘áº¹p. Cá»¡ cÃ¢y trung cÃ³ thá»ƒ hoa táº¿t (má»™t sá»‘ cÃ¢y Ä‘Ã£ ná»©t vÃ²i hoa) hÃ ng thÃ¡i.",Khai Tr??ng,
31,Tráº§m cá»­u long,https://hoalanhuyanh.com/userfiles/image/shop-hoa-lan/tram/tram-cuu-long-1-1.jpg,150000,"Tráº§m cá»­u long hoa Ä‘áº¹p hÆ°Æ¡ng thÆ¡m, cÃ¡nh tÃ­m há»ng Ä‘áº­m, bÃ´ng to. ThÃ¢n máº­p Ãº, Ä‘ang phÃ¡t triá»ƒn máº¡nh, cÃ¢y Ä‘Ã£ trá»“ng thuáº§n nhiá»u nÄƒm táº¡i vÆ°á»n.",T?ng M?,
32,Giáº£ háº¡c Hawaii lai phi Ä‘iá»‡p,https://hoalanhuyanh.com/userfiles/image/shop-hoa-lan/lan-dep-khac/gia-hac-lai/hawaii-phi-diep-tim-1-1.jpg,240000,"ThÃ¢n dÃ i, to phÃ¡t triá»ƒn nhanh, hoa to lÃ  nhá»¯ng Ä‘áº·c Ä‘iá»ƒm cá»§a cáº·p lai Hawaii vÃ  phi Ä‘iá»‡p nÃ y. CÃ¢y ghÃ©p gá»— Ä‘ang phÃ¡t triá»ƒn ráº¥t Ä‘áº¹p",TEnh YEu,
33,Háº£i yáº¿n lai vanda,https://hoalanhuyanh.com/userfiles/image/shop-hoa-lan/lai/haiyen-vanda/hai-en-lai-vanda-2-1.jpg,180000,"Háº£i yáº¿n lai vanda cho ra mÃ u hoa Ä‘áº¹p, hoa 2 Ä‘áº¿n 3 láº§n 1 nÄƒm. CÃ¢y ráº¥t dá»… trá»“ng Ä‘Ã£ trÆ°á»Ÿng thÃ nh háº§u háº¿t Ä‘ang ná»¥. Loáº¡i phong lan nÃ y phÃ¹ há»£p Ä‘á»ƒ trang trÃ­ nhÃ , sÃ¢n vÆ°á»n bá»Ÿi chÃºng cÃ³ mÃ u sáº¯c rá»±c rá»¡, dá»… ra hoa, chÄƒm sÃ³c dá»… dÃ ng.Â ",Sinh Nh?t,
34,Sumo  dÆ°á»¡ng bÃ©o thÃ¢n cÃ¢y lan,https://hoalanhuyanh.com/userfiles/image/vat-tu/thuoc/sumo/anh-nho-sumo-6-30-30.jpg,90000,"TrÆ°á»›c khi cáº¯t nÆ°á»›cÂ  thÃ¢n cÃ¢y cáº§n khá»e máº¡nh, thÃ¢n bÃ©o (to) Ä‘á»ƒ dá»± trá»¯ dinh dÆ°á»¡ng trong thá»i gian cáº¯t nÆ°á»›c, SUMO thuá»‘c dÆ°á»¡ng lan 6-30-30 sáº½ lÃ  lá»±a chá»n hiá»‡u quáº£.",Gia ?Enh,
35,Phi Ä‘iá»‡p Ã¡m phÃº thá»,https://hoalanhuyanh.com/userfiles/image/shop-hoa-lan/doc-dao/am-phu-tho/anh-nho-hoa-am-phu-tho.jpg,1500000,"BÃ¡n phi Ä‘iá»‡p cÃ¡nh Ã¡m phÃº thá», máº·t hoa nhÆ° hÃ¬nh, bÃ¡n Ä‘á»©t gá»‘c [cáº£ cháº­u] Ä‘ang cÃ³ máº§m non, cÃ¢y Ä‘áº¹p, khá»e, ngá»n dÃ i. Cháº¯c cháº¯n nÄƒm sau sáº½ sai hoa hÆ¡n.",T?ng M?,
36,Cháº­u Ä‘ai chÃ¢u thuáº§n 1 nÄƒm,https://hoalanhuyanh.com/userfiles/image/shop-hoa-lan/ngoc-diem/dai-chau-thai/dai-chau-thuan-1-nam-1.jpg,250000,"CÃ¢y thuáº§n 1 nÄƒm, nháº­n Ä‘áº·t lan Ä‘ai chÃ¢u Ä‘Ãºng quy cÃ¡ch theo yÃªu cáº§u khÃ¡ch hÃ ng",Thanh Cao,
37,"Ngá»c Ä‘iá»ƒm vÃ ng, há»“ng Ä‘á»‘m",https://hoalanhuyanh.com/userfiles/image/shop-hoa-lan/ngoc-diem/ngoc-diem-vang-hong-dom-1-1.jpg,200000,,Sinh Nh?t,
38,Äai chÃ¢u 2 ngá»n loáº¡i nhá»,https://hoalanhuyanh.com/userfiles/image/shop-hoa-lan/ngoc-diem/dai-chau-2-ngo-nho-1.png,160000,CÃ¢y Ä‘Ã£ Ä‘Æ°á»£c ghÃ©p gá»— cÃ¡c bÃ¡c chá»‰ viá»‡c mang vá» chÄƒm nhÃ©. CÃ¢y nhá» xinh xáº¯n giÃ¡ cÅ©ng ráº¥t Ä‘áº¹p cho loáº¡i 2 ngá»n,TEnh YEu,
39,Tam báº£o sáº¯c vÃ ng,https://hoalanhuyanh.com/userfiles/image/shop-hoa-lan/giang-huong/tam-bao-sac/tam-bao-sac-hoa-vang-2-1.jpg,260000,"Tam báº£o sáº¯c vÃ ng lÃ  loáº¡i lan rá»«ng Ä‘á»™t biáº¿n ráº¥t Ä‘áº¹p, thÆ¡m tuy nhiÃªn giÃ¡ ráº¥t cao. VÃ¬ tháº¿ hÃ ng thÃ¡i cÃ¢y mÃ´ Ä‘ang lÃ  lá»±a chá»n hÃ ng Ä‘áº§u cá»§a cÃ¡c bÃ¡c muá»‘n sÆ°u táº§m dÃ²ng giÃ¡ng hÆ°Æ¡ng Ä‘áº¹p nÃ y",20/11,
40,Jacky xanh lÃ¡ trÆ¡n,https://hoalanhuyanh.com/userfiles/image/shop-hoa-lan/lan-hai/lan-hai-jacki-xanh-la-tron-1.jpg,300000,"CÃ¢y to, Ä‘áº¹p, Ä‘áº·c biá»‡t vá»›i lÃ¡ trÆ¡n. Hoa mÃ u xanh Ä‘Æ°á»£c Ä‘Ã¡nh giÃ¡ lÃ  má»™t trong cÃ¡c loáº¡i lan hÃ i Ä‘áº¹p vÃ  quÃ½ hiáº¿m cá»§a viá»‡t nam",Khai Tr??ng,
41,Cháº­u hawaii tráº¯ng,https://hoalanhuyanh.com/userfiles/image/gio-lan/hawaii/gia-hac-hawaii-trang-1-1.jpg,800000,"Cháº­u cÃ³ 5 ngá»n Ä‘ang phÃ¡t triá»ƒn máº¡nh, trá»“ng trong cháº­u gá»‘m. CÃ¢y ráº¥t Ä‘áº¹p vÃ  khá»e",TEnh YEu,
42,VÃ´i lÃ¹n,https://hoalanhuyanh.com/userfiles/image/shop-hoa-lan/hoang-thao/voi/hoang-thao-voi-lun-1-1.jpg,150000,"HoÃ ng tháº£o vÃ´i lÃ¹n cÃ¢y Ä‘áº¹p, Ä‘ang trá»“ng cháº­u, Ä‘á»‘t ngáº¯n, thÃ¢m mÃºp mÃ­p. CÃ¢y nÄƒm 2, hoa cÅ©ng nhÆ° vÃ´i rá»«ng thÃ´i ah.",TEnh YEu,
43,Dendro chá»›p cÃ¢y nhá» xinh,https://hoalanhuyanh.com/userfiles/image/shop-hoa-lan/vanda-dendro/dendro-chop-1-1.jpg,80000,"Dendro chá»›p cÃ¢y nhá»Â  dÃ¡ng xinh, Ä‘ang bÃ¡m gá»—. CÃ¢y dÃ²ng mini nhÆ°ng ráº¥t dá»… trá»“ng, hoa Ä‘áº¹p vÃ  láº¡, khÃ¡c biá»‡t, cÃ³ hoa vÃ o cuá»‘i mÃ¹a hÃ¨. Hoa nhÆ° hÃ¬nh.",TEnh YEu,
44,Kiáº¿m xÃ­ch ngá»c hoa tráº¯ng,https://hoalanhuyanh.com/userfiles/image/gio-lan/kiem/kiem-xich-ngoc-trang-3-1.jpg,350000,"BÃ¡n cháº­u xÃ­ch ngá»n hoa tráº¯ng tuyá»‡t Ä‘áº¹p, em bÃ¡n cáº£ cháº­u nÃªn giÃ¡ ráº¥t ráº», má»i cÃ¡c bÃ¡c yÃªu dÃ²ng lan nÃ y nhÃ©.",T?ng M?,
45,ThiÃªn nga xanh,https://hoalanhuyanh.com/userfiles/image/shop-hoa-lan/cat-thien-nga/thien-nga-xanh-1-1.jpg,250000,"BÃ¡n cÃ¢y thiÃªn nga Ä‘ang ráº¥t Ä‘áº¹p, hoa xanh. ÄÃ£ Ä‘Æ°á»£c trá»“ng thuáº§n táº¡i vÆ°á»n, hoa cÃ³ hÆ°Æ¡ng thÆ¡m dá»‹u.Â GiÃ¡ bÃ¡n ráº» cho dÃ²ng thiÃªn nga Ä‘Ã£ Ä‘Æ°á»£c trá»“ng thuáº§n. Äang trá»“ng trong giÃ¡ thá»ƒ mÃ¹n dá»«a, phÃ¡t triá»ƒn ráº¥t tá»‘t.CÃ¡c bÃ¡c chÃº Ã½ : GiÃ¡ lan thiÃªn nga ngoÃ i kÃ­ch thÆ°á»›c, mÃ u sáº¯c, cÃ²n phá»¥ thuá»™c vÃ o thá»i gian trá»“ng thuáº§n táº¡i vÆ°á»n nhÃ©. VÃ­ dá»¥ cÃ¹ng kÃ­ch thÆ°á»›c nhÆ°ng cÃ¢y má»›i nháº­p sáº½ cÃ³ giÃ¡ ráº» hÆ¡n cÃ¢y trá»“ng thuáº§n.",TEnh YEu,
46,Tráº§m tÃ­m ghÃ©p báº£ng gá»—,https://hoalanhuyanh.com/userfiles/image/shop-hoa-lan/tram/tram-tim-3-1.jpg,180000,"Lan tráº§m tÃ­m - ThÃ¢n máº­p máº¡p Ä‘Ã£ thuáº§n trÃªn 2 nÄƒm, rá»… bÃ¡m cháº¯c báº£ng gá»—, hoa ráº¥t thÆ¡m, mÃ¹a hoa thÃ¡ng 2 , 3 Ã¢m lá»‹ch.Â ÄÃ¢y lÃ  loáº¡i lan ráº¥t thÆ¡m, cÃ³ hoa mÃ u tÃ­m trong tá»± nhiÃªn tráº§m tÃ­m chá»‰ cÃ³ á»Ÿ LÃ o, nhÆ°ng ráº¥t phÃ¹ há»£p khi Ä‘Æ°á»£c trá»“ng táº¡i Viá»‡t nam. Tráº§m tÃ­m thá»±c sá»± khÃ´ng thá»ƒ thiáº¿u trong má»—i vÆ°á»n lan. GiÃ¡ bÃ¡n lan tráº§m tÃ­m tÃ¹y thuá»™c vÃ o kÃ­ch thÆ°á»›c tá»«ng giÃ².",T?ng M?,
47,SÃ³c tráº¯ng,https://hoalanhuyanh.com/userfiles/image/shop-hoa-lan/lan-dep-khac/soc-trang-1-1.jpg,150000,"CÃ¢y trá»“ng cháº­u nhá»±a Ä‘áº¹p, rá»… Ä‘Ã£ bÃ¡m cháº·t vÃ o cháº­u vÃ  phÃ¡t triá»ƒn khá»e máº¡nh. Hoa dÃ i, tráº¯ng muá»‘t hoáº·c tÃ­m, ráº¥t Ä‘áº¹p. má»™t cháº­u cÃ³ 1 ngá»nÂ Â ",Thanh Cao,
48,Kiáº¿m Ä‘á» thÃ¡i,https://hoalanhuyanh.com/userfiles/image/shop-hoa-lan/lan-dep-khac/kiem/kiem-do-thai-3-1.jpg,140000,"Cháº­u kiáº¿m Ä‘á» Ä‘áº¹p hÃ ng thÃ¡i, giÃ¡ ráº¥t háº¥p dáº«n, cÃ¢y cá»±c khá»e bÃ¡m Ä‘Ã¢u cÅ©ng sá»‘ng. VÃ²i hoa dÃ i, thÆ¡m. GiÃ¡ nÄƒm nÃ y ráº¥t ráº» vÃ­ bÃ¡n theo cá»‘c cÃ³ nhiá»u thÃ¢n.",TEnh YEu,
49,Tráº§m blue,https://hoalanhuyanh.com/userfiles/image/shop-hoa-lan/tram/2017/blue/tram-blue-2-1.jpg,90000,"BÃ´ng hoa mang dÃ¡ng cá»§a tráº§m xÆ°a mÃ u sáº¯c tinh táº¿ vÃ  láº¡ , Ä‘áº·c biá»‡t hoa ráº¥t thÆ¡m.",20/11,
50,Giáº£ háº¡c tráº¯ng Tuyáº¿t Ngá»c,https://hoalanhuyanh.com/userfiles/image/shop-hoa-lan/doc-dao/trang-tuyet-ngoc-1-1.jpg,2500000,"Giáº£ háº¡c 5 cÃ¡nh tráº¯ng tuyáº¿t ngá»c hÃ ng rá»«ng. CÃ¡nh tráº¯ng há»ng tÃ­m, bÃ¡n kei Ä‘Ã£ phun rá»…, Ä‘ang trá»“ng cá»‘c rÃªu giá»¯ áº©m",20/11,
51,Tráº§m Ä‘á» lai tráº§m rhodo,https://hoalanhuyanh.com/userfiles/image/shop-hoa-lan/tram/lai/do-rhodo/tram-do-lai-rhodo-3-1.jpg,320000,"ÄÃ¢y lÃ  giá»‘ng tráº§m lai má»›i cá»§a Ä‘Ã i chÆ°a cho ra máº·t bÃ´ng chÃ­nh thá»©c, tuy nhiÃªn Ä‘Æ°á»£c lai tá»« tráº§m Ä‘á» vá»›i tráº§m rhodo bÃ´ng Ä‘á» tÃ­m, nÃªn xÃ¡c suáº¥t ra bÃ´ng Ä‘á» tÆ°Æ¡i ráº¥t cao.",Sinh Nh?t,
52,Phi Ä‘iá»‡p tÃ­m kiáº¿n,https://hoalanhuyanh.com/userfiles/image/gio-lan/phi-diep-tim/bang-kien/phi-diep-tim-kien-1-1.jpg,300000,"CÃ¢y Ä‘Ã£ ghÃ©p Ä‘Æ°á»£c gáº§n nÄƒm, hÃ ng phi Ä‘iá»‡p kiáº¿n gia lai, kháº£ nÄƒng sáº½ ra nhiá»u máº·t bÃ´ng. CÃ¢y Ä‘ang Ä‘Æ°á»£c ghÃ©p báº£ng dá»›n phÃ¡t triá»ƒn khÃ¡ tá»‘t.Â ",TEnh YEu,
53,Phi Ä‘iá»‡p Ã¡m hÃ²a bÃ¬nh,https://hoalanhuyanh.com/userfiles/image/shop-hoa-lan/doc-dao/am-hoa-binh/anh-nho-hinh-hoa-phi-diep-am-hoa-binh.jpg,500000,"Phi Ä‘iá»‡p hÃ²a bÃ¬nh vá»‘n Ä‘Ã£ ná»•i tiáº¿ng vá»›i cÃ¡c bÃ´ng hoa cÃ¡nh cÄƒng, to, Ä‘áº¹p vÃ  hiáº¿m. BÃ´ng bÃ¬nh thÆ°á»ng Ä‘Ã£ váº­y cÃ²n 5ct hoáº·c cÃ¡nh Ã¡m láº¡i cÃ ng hiáº¿m vÃ  Ä‘áº¹p hÆ¡n nhiá»u",Gia ?Enh,
54,Lan brass,https://hoalanhuyanh.com/userfiles/image/shop-hoa-lan/lan-dep-khac/brass/lan-brass-doi-mau-hinh-nho.jpg,150000,"Báº¡n muá»‘n cÃ³ vÆ°á»n lan hoa quanh nÄƒm, khÃ´ng thá»ƒ thiáº¿u lan brass Ä‘Æ°á»£c Ä‘Ã¢u. Loáº¡i hoa lan nÃ y ráº¥t dá»… tÃ­nh, phÃ¡t triá»ƒn nhanh, dá»… cÃ³ hoa, hoa láº¡ vÃ  thÆ¡m.",TEnh YEu,
55,Cá»­u báº£o tiÃªn tráº¯ng,https://hoalanhuyanh.com/userfiles/image/shop-hoa-lan/giang-huong/cuu-trang/anh-nho-cuu-bao-tien-hoa-trang.jpg,400000,"ÄÃ¢y lÃ  loáº¡i cá»­u báº£o tiÃªn Ä‘á»™t biáº¿n hoa tráº¯ng Ä‘Æ°á»£c thÃ¡i nhÃ¢n giá»‘ng. Hoa sá»Ÿ há»¯u váº» Ä‘áº¹p tinh khÃ´i, hÆ°Æ¡ng cá»±c thÆ¡m vÃ  ráº¥t hiáº¿m cÃ³",V?n PhEng,
56,HoÃ ng tháº£o lÃ´ng tráº¯ng,https://hoalanhuyanh.com/userfiles/image/shop-hoa-lan/hoang-thao/hong-thao-long-trang-1-1.jpg,160000,CÃ¡c giÃ² hoÃ ng tháº£o lÃ´ng tráº¯ng Ä‘Æ°á»£c trá»“ng thuáº§n táº¡i vÆ°á»n nÃªn cÃ¡c bÃ¡c yÃªn tÃ¢m cháº¥t lÆ°á»£ng. CÃ¡ch chÄƒm sÃ³c cÅ©ng ráº¥t Ä‘Æ¡n giáº£n nhÆ° sau,S? Ki?n,
57,Tráº§m semi x blue,https://hoalanhuyanh.com/userfiles/image/shop-hoa-lan/phi-diep/tram-lai-phi-diep/tram-semixblue-1-1.jpg,180000,"BÃ¡n tráº§m semi x blue, hoa nhÆ° hÃ¬nh. CÃ¢y Ä‘ang Ä‘Æ°á»£c trá»“ng trong cháº­u nhá»±a, thÃ¢n to máº­p máº¡p, phÃ¡t triá»ƒn khá»e máº¡nh",Sinh Nh?t,
58,ThiÃªn nga vÃ ng,https://hoalanhuyanh.com/userfiles/image/shop-hoa-lan/cat-thien-nga/thien-nga-vang-1-1.jpg,250000,"ThiÃªn nga hoa vÃ ng ráº¥t Ä‘áº¹p, ra hoa nhiá»u láº§n trong nÄƒm, ráº¥t dá»… chÄƒm sÃ³c vÃ  ra hoa. CÃ¢y Ä‘Æ°á»£c trá»“ng thuáº§n Ä‘Ã£ lÃ¢u táº¡i vÆ°á»n. [ÄANG Ná»¤]Â ",20/11,
59,Ngá»c Ä‘iá»ƒm lai bankok sunset (cula bankok),https://hoalanhuyanh.com/userfiles/image/shop-hoa-lan/ngoc-diem/lai-bankok/ngoc-diem-lai-1-2.jpg,300000,"BÃ¡n lan ngá»c Ä‘iá»ƒm lai bankok sunset (cula bankok). HÃ ng thuáº§n 1,5 nÄƒm tuá»•i. GiÃ¡ bÃ¡n 300k/cháº­u. Máº·t hoa ráº¥t Ä‘áº¹p",Gia ?Enh,
60,Ngá»c trai Ä‘en Black pear,https://hoalanhuyanh.com/userfiles/image/shop-hoa-lan/cat-thien-nga/thien-nga/thien-nga-den-hinh-hoa-1-1.jpg,400000,"Ngá»c trai Ä‘en Black pear, hay Ä‘Æ°á»£c gá»i nhiá»u vá»›i tÃªn phong lan thiÃªn nga hoa mÃ u Ä‘en huyá»n bÃ­ vÃ  ráº¥t Ä‘áº·c biá»‡t,hoa buÃ´ng thong, cÃ¡nh hoa cá»©ng.Â CÃ³ hÆ°Æ¡ng thÆ¡m dá»‹u, ngá»t Ä‘Æ°á»£c Ä‘Ã¡nh giÃ¡ lÃ  máº·t hoa Ä‘áº¹p vÃ  Ä‘á»™c Ä‘Ã¡o, chÃºng cÅ©ng ráº¥t ná»•i báº­t so vá»›i cÃ¡c loáº¡i hoa lan khÃ¡c bá»Ÿi mÃ u Ä‘en tuyá»n mÃ  Ã­t loáº¡i lan nÃ o cÃ³ Ä‘Æ°á»£c",20/11,
61,Ngá»c Ä‘iá»ƒm ThÃ¡i mÃ u há»“ng cÃ¡nh sen,https://hoalanhuyanh.com/userfiles/image/shop-hoa-lan/ngoc-diem/thai-mau-canh-sen/ngoc-diem-thai-bam-lua-canh-sen-3-1.jpg,320000,"Äai chÃ¢u - Ngá»c Ä‘iá»ƒm ThÃ¡i bÃ¡m gá»—, Ä‘ang phÃ¡t triá»ƒn tá»‘t. MÃ u há»“ng cÃ¡nh sen, cÃ¡nh sen catoon, nhÆ° hÃ¬nh thá»±c táº¿ dÆ°á»›i Ä‘Ã¢y. BÃ¡n táº¡i HÃ  Ná»™i, chuyá»ƒn hÃ ng toÃ n quá»‘c..",20/11,
62,Háº¡c vá»¹ bÃ¡m gá»—,https://hoalanhuyanh.com/userfiles/image/shop-hoa-lan/hoang-thao/hac-vy/hac-vy-400k-1-2.jpg,400000,"GiÃ² lan háº¡c vá»¹ bÃ¡m gá»—, hÃ ng thuáº§n,Ä‘ang ra nhiá»u rá»… vÃ  phÃ¡t triá»ƒn máº§m mon ráº¥t nhiá»u. Háº¡c vá»¹ loáº¡i lan dá»… trá»“ng, dá»… ra hoa.",V?n PhEng,
63,Há»“ng ngá»c B,https://hoalanhuyanh.com/userfiles/image/shop-hoa-lan/phi-diep/gia-hac/hong-ngoc-b-1-1.jpg,260000,"BÃ¡n há»“ng ngá»c B, 1 cháº­u 1 ngá»n dÃ i khoáº£ng 20cm, báº£o hÃ nh máº·t hoa nhÆ° hÃ¬nh. CÃ¢y phÃ¡t triá»ƒn khá»e máº¡nh, Ä‘Ã£ trá»“ng má»™t nÄƒm táº¡i vÆ°á»n",Khai Tr??ng,
64,Dendro hoa táº¿t,https://hoalanhuyanh.com/userfiles/image/shop-hoa-lan/vanda-dendro/dendro-1-1.jpg,150000,"Em báº¯t Ä‘áº§u bÃ¡n dendro hoa táº¿t, cÃ¢y to Ä‘Ã¹ng chÄƒm sÃ³c ráº¥t dá»… dÃ ng, nÃªn chÃºng lÃ  má»™t trong cÃ¡c loáº¡i lan Ä‘Æ°á»£c trá»“ng phá»• biáº¿n nháº¥t",Thanh Cao,
65,Há»“ng thiÃªn cung thuáº§n,https://hoalanhuyanh.com/userfiles/image/shop-hoa-lan/hoang-thao/hong-thien-cung-4-1.jpg,40000,Há»“ng thiÃªn cung thuáº§n táº¡i hÃ  ná»™i ráº¥t khá»e . cÃ¢y Ä‘ang phÃ¡t triá»ƒn giÃ² 5 Ä‘áº¿n 10 ngá»n giÃ¡ 40k ngá»n,Thanh Cao,
66,"Lan Ä‘ai chÃ¢u thÃ¡i, 4 Ä‘áº¿n 6 lÃ¡",https://hoalanhuyanh.com/userfiles/image/shop-hoa-lan/ngoc-diem/dai-chau-thai/dai-chau-160k-1.jpg,160000,"Lan Ä‘ai chÃ¢u thÃ¡i Ä‘Ã£ ghÃ©p gá»—, cÃ¢y Ä‘áº¹p, giÃ¡ bÃ¡n 160k/ cÃ¢y. BÃ¡n táº¡i HÃ  ná»™i, cÃ³ tá»« 4 Ä‘áº¿n 6 lÃ¡.",TEnh YEu,
67,Hoa lan tráº§m tráº¯ng lai vÃ´i,https://hoalanhuyanh.com/userfiles/image/shop-hoa-lan/lan-dep-khac/lai/tram-trang-lai-voi-hoa-1-1.jpg,200000,,Gia ?Enh,
68,Lan cattleya bÃ´ng cam,https://hoalanhuyanh.com/userfiles/image/shop-hoa-lan/cat-thien-nga/cat-lan-bong-cam-2-1.jpg,250000,"BÃ¡n cháº­u lan cattleya bÃ´ng cam, hoa to, máº·t hoa vÃ  cÃ¢y bÃ¡n thá»±c táº¿ nhÆ° hÃ¬nh.,CÃ¢y khá»e máº¡nh, lÃ¡ dáº§y cá»©ng, mÃ u hoa ráº¥t Ä‘áº­m",?am ME Huy?n BE,
69,Äai chÃ¢u bÃ² sá»¯a,https://hoalanhuyanh.com/userfiles/image/shop-hoa-lan/ngoc-diem/xuan/dai-chau-bo-sua-1-1.jpg,150000,"Lan Ä‘ai chÃ¢u bÃ² sá»¯a Â - MÃ u sáº¯c khÃ¡c biá»‡t, láº¡ máº¯t, hoa xuÃ¢n, Ä‘iá»ƒm nháº¥n tuyá»‡t vá»i cho vÆ°á»n lan nhÃ  báº¡n.Â ",?am ME Huy?n BE,
70,"Äai chÃ¢u táº¿t, loáº¡i to",https://hoalanhuyanh.com/userfiles/image/shop-hoa-lan/ngoc-diem/xuan/dai-chau-tet-2-1.jpg,450000,"CÃ¢y Ä‘Ã£ ghÃ©p gá»—, rá»… bÃ¡m cháº·t, Ä‘ang sá»‘ng ráº¥t khá»e. Nhiá»u mÃ u hoa Ä‘áº¹p, nhÆ° cam, Ä‘á», tÃ­m há»“ng cÃ¡nh sen, phá»¥c vá»¥ cho cÃ¡c bÃ¡c chÆ¡i táº¿t.Â Chiá»u cao tÃ¹y tá»«ng cáº·p lÃ¡ nhÆ°ng chiá»u ngang Ä‘áº¡t Ä‘Æ°á»£c tá»« 40cm.",20/11,
71,Há»“ Ä‘iá»‡p thÆ¡m,https://hoalanhuyanh.com/userfiles/image/shop-hoa-lan/lan-dep-khac/ho-diep-thom-1-1.jpg,180000,"CÃ³ bÃ´ng nhá» nhÆ° há»“ Ä‘iá»‡p rá»«ng nhÆ°ng cÃ³ mÃ¹i thÆ¡m ná»“ng quyáº¿n rÅ© , khÃ¡c vá»›i cÃ¡c loáº¡i há»“ Ä‘iá»‡p bÃ´ng to, vÃ¬ láº½ Ä‘Ã³ chÃºng hay Ä‘Æ°á»£c gá»i lÃ  há»“ Ä‘iá»‡p thÆ¡m.",20/11,
72,Tráº§m gieo háº¡t,https://hoalanhuyanh.com/userfiles/image/shop-hoa-lan/tram/2017/gieo-hat/hinh-hoa-tram-gieo-hat-1.jpg,300000,"HÃ ng gieo háº¡t nÃªn cÃ³ nhiá»u máº·t bÃ´ng, nhÆ°ng cÆ¡ báº£n cÃ³ 2 loáº¡i bÃ´ng Ä‘á» Ä‘áº­m vÃ  há»“ng cÃ³ viá»n cÃ¡nh Ä‘áº­m. ThÃ¢n cÃ¢y máº­p, Ä‘ang phÃ¡t triá»ƒn cÃ¢y con",Sinh Nh?t,
73,Phi diá»‡p tÃ­m hÃ²a bÃ¬nh hÃ ng Ä‘áº¹p,https://hoalanhuyanh.com/userfiles/image/shop-hoa-lan/phi-diep/pdt-hoabinh-dep/phi-diep-tim-hoa-binh-dep-4-2.jpg,350000,"Phi Ä‘iá»‡p tÃ­m hÃ²a (lan dÃ£ háº¡c) ráº¥t Ä‘áº¹p, thÃ¢n ra hoa dÃ i trÃªn 1m. Äang phÃ¡t triá»ƒn máº¡nh, ráº¥t khá»e, giÃ¡ bÃ¡n há»£p lÃ­",?am ME Huy?n BE,
74,Háº¡c vá»¹ ghÃ©p gá»— 450k,https://hoalanhuyanh.com/userfiles/image/shop-hoa-lan/hoang-thao/hac-vy/hac-vy-450k-1.jpg,450000,,Trang Tr?ng,
75,Giáº£ háº¡c di linh tráº¯ng,https://hoalanhuyanh.com/userfiles/image/shop-hoa-lan/phi-diep/dilinh-trang/dilinh-trang-1.jpg,3000000,"Giáº£ háº¡c di linh tráº¯ng, bÃ¡n nhÆ° hÃ¬nh dÆ°á»›i Ä‘Ã¢y giÃ¡ 3 triá»‡u , cÃ¢y kei nÄƒm nháº¥t. #1 trong nhá»¯ng loáº¡i giáº£ háº¡c tráº¯ng rá»«ng Ä‘Æ°á»£c yÃªu thÃ­ch nháº¥t.Â ",Gia ?Enh,
76,Rá»“ng Ä‘á» lÃ¡ biÃªn,https://hoalanhuyanh.com/userfiles/image/shop-hoa-lan/tram/rong-do/hoa-tram-rong-do-1-1.jpg,380000,"CÃ¢y ráº¥t Ä‘áº¹p, thÃ¢n máº­p, lÃ  loáº¡i lan cÃ³ hoa ráº¥t Ä‘áº¹p cá»§a Ä‘Ã i loan.Rá»“ng Ä‘á» lÃ¡ biÃªn Ä‘á»™c Ä‘Ã¡o vá»›i vá»‡t vÃ ng cÃ¡nh lÃ¡.",TEnh YEu,
77,Äai chÃ¢u cam lá»­a,https://hoalanhuyanh.com/userfiles/image/shop-hoa-lan/ngoc-diem/xuan/dai-chau-cam-lua-1-1.jpg,200000,"MÃ u cam lá»­a rá»±c rá»¡ cá»§a Ä‘ai chÃ¢u, cháº¯c cháº¯n sáº½ Ä‘em Ä‘áº¿n khÃ´ng khÃ­ mÃ¹a xuÃ¢n rá»™n rÃ ng Ä‘áº§y mÃ u sáº¯c cho vÆ°á»n lan nhÃ  cÃ¡c bÃ¡c",Trang Tr?ng,
78,Tráº§m nestor baby,https://hoalanhuyanh.com/userfiles/image/shop-hoa-lan/tram/2017/nestor-baby/tram-hoa-do-nestor-baby-1-1.jpg,240000,"ÄÃ¢y lÃ  má»™t loáº¡i tráº§m lai tá»« 2 cÃ¢y tráº§m siÃªu Ä‘áº¹p cá»§a Ä‘Ã i loan, cáº£ 2 Ä‘á»u cÃ³ chung Ä‘áº·c Ä‘iá»ƒm lÃ  bÃ´ng Ä‘á» cÃ³ mÃ u ráº¥t Ä‘áº¹p",20/11,
79,ThiÃªn nga Ä‘á»‘m,https://hoalanhuyanh.com/userfiles/image/shop-hoa-lan/cat-thien-nga/thien-nga/hoa-thien-nga-dom-2-1.jpg,170000,"BÃ¡n lan thiÃªn nga Ä‘á»‘m, Ä‘Ã¢y Ä‘áº¹p Ä‘ang Ä‘á»§ tuá»•i ra hoa. ThiÃªn nga Ä‘á»‘m sá»Ÿ há»¯u váº» Ä‘áº¹p tinh táº¿, nháº¹ nhÃ ng hÆ¡n so vá»›i cÃ¡c loáº¡i thiÃªn nga khÃ¡c.",Khai Tr??ng,
80,Há»“ng ngá»c quÃ¡n quÃ¢n,https://hoalanhuyanh.com/userfiles/image/shop-hoa-lan/gia-hac/hong-ngoc-quan-quan/anh-nho-hinh-hoa-hong-ngoc-quan-quan.jpg,360000,"Sau 3 nÄƒm Ä‘oáº¡t giáº£i giáº£ háº¡c há»“ng ngá»c máº·t hoa Ä‘oáº¡t giáº£i quÃ¡n quÃ¢n cuá»™c thi lan tháº¿ giá»›i 2015 Ä‘Ã£ cÃ³ máº·t táº¡i Viá»‡t nam, vá»›i giÃ¡ ráº¥t háº¥p dáº«n [cÃ¢y ráº¥t Ä‘áº¹p]",Sinh Nh?t,
81,Tráº§m rá»“ng Ä‘á»,https://hoalanhuyanh.com/userfiles/image/shop-hoa-lan/tram/rong-do/hoa-tram-rong-do-1-1.jpg,130000,"Tráº§m rá»“ng Ä‘á» , Ä‘Ã¢y lÃ  loáº¡i tráº§m ná»•i tiáº¿ng cá»§a Ä‘Ã i loan, thÃ¢n dÃ i khoáº£ng 50cm khi ra hoa . Hiá»‡n táº¡i má»—i cá»‘c cÃ³ 1 ngá»n giÃ  vÃ  1 ngá»n non, ngá»n non khoáº£ng 10cm, Ä‘ang lÃªn ráº¥t khá»e. CÃ¢y nhá» giÃ¡ ráº».",20/11,
82,ThiÃªn cung lá»¯ bá»‘,https://hoalanhuyanh.com/userfiles/image/shop-hoa-lan/lan-dep-khac/thien-cung-lu-bo-1-1.jpg,180000,"BÃ¡n thiÃªn cung lá»¯ bá»‘ theo ngá»n, cÃ³ 3 cá»¡ dÃ i 10-40cm. Ngá»n Ä‘áº¹p, khá»e (so vá»›i dÃ²ng thiÃªn cung nhÃ©) nÄƒm nay ""Ä‘Æ°á»£c mÃ¹a"" nÃªn giÃ¡ khÃ¡ ráº». CÃ¢y Ä‘ang ghÃ©p báº£ng gÃ´ cÃ³ cáº£ NGá»ŒN GIÃ€",S? Ki?n,
83,Tráº§m 6 cÃ¡nh lai tráº§m tráº¯ng,https://hoalanhuyanh.com/userfiles/image/shop-hoa-lan/lai/tram6canhxtrang/6-canh-tram-trang-1-1.jpg,200000,"2 loáº¡i tráº§m Ä‘á»™c Ä‘Ã¡o cháº¯c cháº¯n sáº½ cho ra máº·t bÃ´ng láº¡ vÃ  thÆ¡m. CÃ¢y Ä‘ang ráº¥t máº­p nÄƒm 2 , cho hoa vÃ o nÄƒm sau.",Gia ?Enh,
84,ThiÃªn cung lÃ¡ biÃªn,https://hoalanhuyanh.com/userfiles/image/gio-lan/thien-cung/hinh-nho-thien-cung-la-bien.jpg,250000,"Cháº­u thiÃªn cung lÃ¡ biÃªn giÃ¡ siÃªu ráº», hÃ ng kei. CÃ¢y Ä‘ang phÃ¡t triá»ƒn ráº¥t máº¡nh, Chi tiáº¿t vá» cháº­u lan nÃ y cÃ¡c bÃ¡c xem VIDEO cuá»‘i bÃ i viáº¿t",?am ME Huy?n BE,
85,VÅ© ná»¯ phÃ¹ thá»§y,https://hoalanhuyanh.com/userfiles/image/shop-hoa-lan/cat-thien-nga/vu-nu/vu-nu-phu-thuy-2-1.jpg,150000,"HÃ ng má»›i tinh táº¡i thá»‹ trÆ°á»ng viá»‡t nam, vÅ© ná»¯ phÃ¹ thá»§y cÃ¢y bÃ© nhÆ°ng máº·t hoa láº¡. bÃ´ng hoa trÃ´ng nhÆ° chiáº¿c mÅ© phÃ¹ thá»§y váº­y",TEnh YEu,
86,Lan sÃ³c tÃ­m,https://hoalanhuyanh.com/userfiles/image/shop-hoa-lan/giang-huong/soc-tim/soc-tim-hinh-hoa-hinh-nho.jpg,180000,"GiÃ¡ng hÆ°Æ¡ng sÃ³c tÃ­m cÃ³ hoa dÃ i, dá»… hoa, cÃ¢y khá»e, ráº¥t dá»… chÄƒm sÃ³c (giá»‘ng Ä‘a sá»‘ cÃ¡c loáº¡i giÃ¡ng hÆ°Æ¡ng khÃ¡c). CÃ¢y cÃ³ hoa khÃ¡ giá»‘ng Ä‘uÃ´i chá»“n, hoa mÃ u tÃ­m Ä‘áº¹p, Ä‘áº­m hÆ¡n cÃ¡o vÃ  chá»“n",CE TEnh,
87,HoÃ ng tháº£o tÃ­m huáº¿,https://hoalanhuyanh.com/userfiles/image/shop-hoa-lan/hoang-thao/tim-hue/hoang-thao-tim-hue-3-1.jpg,190000,"ThÃ¢n máº­p máº¡p, hoa tÃ­m nhÃ¬n hÆ¡i giá»‘ng tháº­p hoa, ráº¥t sai hoa. Ná»Ÿ vÃ o mÃ¹a xuÃ¢n",CE TEnh,
88,GiÃ¡ lan thiÃªn nga Ä‘á»,https://hoalanhuyanh.com/userfiles/image/shop-hoa-lan/cat-thien-nga/thien-nga/thien-nga-do-3-1.jpg,250000,"ThiÃªn nga nÃ³i chung khÃ¡ dá»… trá»“ng má»™t nÄƒm cÃ³ thá»ƒ cÃ³ 3 láº§n hoa. Hoa thiÃªn nga Ä‘á» thÆ¡m dá»‹u, bÃ´ng Ä‘áº¹p, lÃ¢u tÃ n. NÃªn lan thiÃªn nga Ä‘Æ°á»£c nhiá»u ngÆ°á»i yÃªu thÃ­ch",Sinh Nh?t,
89,Tráº§m tráº¯ng 4N lai tráº§m tráº¯ng 2N,https://hoalanhuyanh.com/userfiles/image/shop-hoa-lan/lai/tram-4n-2n/anh-nho-tram-trang4n-lai-2n.jpg,380000,"BÃ´ng to mÃ u tráº¯ng, cÃ³ phom hoa Ä‘á»™t biáº¿n so vá»›i tráº§m tráº¯ng thÃ´ng thÆ°á»ng lÃ  ká»³ vá»ng cá»§a cáº·p lai nÃ y. Hoa xá»•, dÃ nh cho cÃ¡c bÃ¡c sÆ°u táº§m máº·t hoa má»›i.",Trang Tr?ng,
90,ThiÃªn cung há»“ng lÆ°á»¡i to,https://hoalanhuyanh.com/userfiles/image/shop-hoa-lan/hoang-thao/thien-cung/hac-vy-hong-hoa-1-1.jpg,200000,Trong muÃ´n vÃ n loáº¡i thiÃªn cung thÃ¬ loáº¡i bÃ´ng Ä‘áº­m nhÆ° thiÃªn cung lá»¯ bá»‘ vÃ  thiÃªn cung lÆ°á»¡i to luÃ´n Ä‘Æ°á»£c Æ°a thÃ­ch vÃ  báº¯t máº¯t nháº¥t,Sinh Nh?t,
91,VÅ© ná»¯ káº¹o kÃ©o hoa vÃ ng,https://hoalanhuyanh.com/userfiles/image/shop-hoa-lan/vanda-dendro/keo-keo/vu-nu-keo-keo-1-1.jpg,130000,"CÃ¢y Ä‘Ã£ Ä‘Æ°á»£c trá»“ng thuáº§n táº¡i vÆ°á»n miá»n báº¯c, loáº¡i nÃ y nhÃ¬n nhá» nhá» nhÆ°ng hoa ráº¥t thÆ¡m ah. Hoa mÃ u vÃ ng ra hoa mÃ¹a xuÃ¢n. ÄÃ¢y lÃ  loáº¡i lan ráº¥t dá»… trá»“ng, cÃ¢y tÆ°á»›i tá»‘t quanh nÄƒm.",Trang Tr?ng,
92,VÅ© ná»¯ Ä‘á»,https://hoalanhuyanh.com/userfiles/image/shop-hoa-lan/vu-nu/do/anh-nho-hoa-vu-nu-do.jpg,250000,"Loáº¡i vÅ© ná»¯ cá»§a ÄÃ i Loan hoa ráº¥t Ä‘áº¹p, bÃ´ng to Ä‘á» mÃ u Ä‘áº­m. Äáº·c biá»‡t lÃ  vÃ²i hoa ráº¥t dÃ i (khoáº£ng 1 mÃ©t), hoa quanh nÄƒm, thÃ¢n to Ä‘áº¹p.",Trang Tr?ng,
93,Tráº§m rá»«ng myanma,https://hoalanhuyanh.com/userfiles/image/shop-hoa-lan/phi-diep/tram/tram-rung-myanma-1-1.jpg,70000,"GiÃ² tráº§m rá»«ng myanma thÃ¢n máº­p khá»e máº¡nh, ráº¥t Ä‘áº¹p. Cho hoa vÃ o nÄƒm sau (mÃ¹a xuÃ¢n).CÃ¢y Ä‘Ã£ thuáº§n 1 nÄƒm, dÃ i khoáº£ng 5-15cm . Báº£ng nhiá»u ngá»n thÃ¬ ngáº¯n, Ã­t ngá»n dÃ i nhÃ© cÃ¡c bÃ¡c",Gia ?Enh,
94,Lan há»“ Ä‘iá»‡p chÃºc má»«ng quÃ  táº·ng,https://hoalanhuyanh.com/userfiles/image/ho-diep/chuc-mung/lan-ho-diep-hoa-chuc-mung-2-1.jpg,100000,"Lan há»“ Ä‘iá»‡p mÃ³n quÃ  tinh táº¿, sang trá»ng vÃ  cháº¯c cháº¯n ráº¥t áº¥n tÆ°á»£ng. KhÃ´ng chá»‰ Ä‘áº¹p mÃ  cÃ²n cÃ³ thá»ƒ chÆ¡i Ä‘Æ°á»£c lÃ¢u dÃ i, chÄƒm sÃ³c ráº¥t Ä‘Æ¡n giáº£n.",Trang Tr?ng,
95,Lan há»a hoÃ ng Ä‘á»,https://hoalanhuyanh.com/userfiles/image/shop-hoa-lan/lan-dep-khac/hoa-hoang/lan-hoa-hoang-1-1.jpg,550000,"Trá»“ng cháº­u gá»— vuÃ´ng, hÃ ng thuáº§n, nhiá»u ngá»n má»™t cháº­u. CÃ¢y ráº¥t khá»e phÃ¹ há»£p vá»›i Ä‘iá»u kiá»‡n khi háº­u cáº£ 3 vÃ¹ng miá»n",V?n PhEng,
96,Tráº§m tráº¯ng máº¯t Ä‘á»,https://hoalanhuyanh.com/userfiles/image/shop-hoa-lan/tram/2017/tram-mat-do/tram-5-canh-trang-mat-do-2-1.jpg,350000,"Tráº§m tráº¯ng máº¯t Ä‘á» máº·t hoa cá»±c yÃªu, Ä‘Æ°á»£c ráº¥t nhiá»u ngÆ°á»i yÃªu thÃ­ch , Ä‘Ã¡nh giÃ¡ cao trong cÃ¡c triá»ƒn lÃ£m, há»™i thi lan. Báº£o hÃ nh máº·t hoa",TEnh YEu,
97,Phi Ä‘iá»‡p 6 máº¯t HÃ²a BÃ¬nh,https://hoalanhuyanh.com/userfiles/image/shop-hoa-lan/doc-dao/pd-6-mat-hoa-binh/phi-diep-6-mat-hoa-binh-hinh-hoa-nho.jpg,600000,"BÃ¡n kei phi Ä‘iá»‡p 6 máº¯t hÃ²a bÃ¬nh, báº£o hÃ nh máº·t hoa. CÃ¢y kei cÃ³ Ä‘á»™ dÃ i tá»« 5cm â€“ 10cm, Ä‘ang mÃ¹a phÃ¡t triá»ƒn nÃªn sáº½ cÃ²n dÃ i ná»¯a.",Trang Tr?ng,
98,VÅ© ná»¯ socola,https://hoalanhuyanh.com/userfiles/image/shop-hoa-lan/vanda-dendro/vu-nu-socola/vu-nu-socola-4-1.jpg,140000,"CÃ³ ráº¥t nhiá»u giá»‘ng vÅ© ná»¯, Ä‘a pháº§n chÃºng dá»… chÄƒm sÃ³c nhÆ°ng phá»• biáº¿n vÃ  dá»… trá»“ng nháº¥t lÃ  vÅ© ná»¯ socola. Hoa thÆ¡m ngá»t vÃ  cÃ³ mÃ u nÃ¢u nhÆ° socola.",Sinh Nh?t,
99,VÅ© ná»¯ peru hoa tÃ­m,https://hoalanhuyanh.com/userfiles/image/shop-hoa-lan/cat-thien-nga/vu-nu/peru/vu-nu-peru-1-1.jpg,140000,"DÃ²ng vÅ© ná»¯ hoa tÃ­m ráº¥t Ä‘áº¹p, hoa phÃ¢n nhÃ¡nh, vÃ²i ráº¥t dÃ i, dá»… ra hoa mÃ¹a xuÃ¢n lÃ  cÃ¡c Ä‘áº·c Ä‘iá»ƒm thÃº vá»‹ cá»§a vÅ© ná»¯ peru.Â  Thuá»™c dÃ²ng cÃ¢y phÃ¡t triá»ƒn Ä‘a thÃ¢n, nÃªn phÃ¡t triá»ƒn nhanh",Trang Tr?ng,
100,GiÃ¡ng hÆ°Æ¡ng há»“ng,https://hoalanhuyanh.com/userfiles/image/shop-hoa-lan/giang-huong/giang-huong-hong/giang-huong-hong-hinh-nho.jpg,140000,"ÄÃ¢y lÃ  cÃ¢y cá»§a thÃ¡i ráº¥t dá»… chÄƒm sÃ³c, GiÃ¡ng hÆ°Æ¡ng há»“ng gá»i theo tÃªn vÆ°á»n ThÃ¡i giá»›i thiá»‡u, CÃ¢y ráº¥t dá»… chÄƒm sÃ³c, khÃ´ng cáº§n Ä‘á»™ áº©m cao, bá»™ dá»… phÃ¡t triá»ƒn nhanh, nÄƒm hoa 2,3 láº§n",Gia ?Enh,
101,Tráº§m 5 cÃ¡nh tráº¯ng lai phi Ä‘iá»‡p 5 cÃ¡nh tráº¯ng,https://hoalanhuyanh.com/userfiles/image/shop-hoa-lan/lai/tram-5ct-lai-pd-5ct/anh-nho-hinh-hoa-tram-5ct-pd-5ct.jpg,300000,"Má»i cÃ¡c bÃ¡c sÄƒn hoa xá»• , cáº·p lai ráº¥t hay nÃ y nhÃ©, tá»· lá»‡ báº¯t Ä‘Æ°á»£c bÃ´ng má»›i, bÃ´ng Ä‘áº¹p cá»±c cao. NhÃ¬n cÃ¢y cÅ©ng ráº¥t Ä‘áº¹p rá»“i, giÃ¡ thÃ¬ ráº» nhÆ° tráº§m thÆ°á»ng",Thanh Cao,
102,Äai chÃ¢u thÃ¡i hÃ ng táº¿t,https://hoalanhuyanh.com/userfiles/image/shop-hoa-lan/ngoc-diem/cay-doi/cay-dep-chau2-cay.jpg,180000,"Äai chÃ¢u thÃ¡i hÃ ng táº¿t - Má»—i cháº­u cÃ³ 2 cÃ¢y, rá»… Ä‘ang phÃ¡t triá»ƒn ráº¥t nhiá»u cÃ¢y Ä‘ang ná»¥, cÃ³ cÃ¡c mÃ u cam, tráº¯ng, Ä‘á»‘m, bÃ³ sá»¯a. KhÃ´ng chá»n mÃ u hoa. CÃ¢y Ä‘áº¹p nhÆ° hÃ¬nh",Khai Tr??ng,
103,CÃ¡t Ä‘á» vÃ ng,https://hoalanhuyanh.com/userfiles/image/shop-hoa-lan/cat-thien-nga/cat-do-vang-1-1.jpg,250000,"Máº·t hoa la sá»± pha trá»™n tuyá»‡t vá»›i cá»§a mÃ u Ä‘á» vÃ  vÃ ng, cÃ³ nhiá»u thÃ¢n con, thÃ¢n, lÃ¡ ráº¥t Ä‘áº¹p, bÃ¡m cháº·t gá»— Ä‘á»ƒ trong cháº­u",Trang Tr?ng,
104,Kiáº¿m vÃ ng hÃ ng ÄÃ i,https://hoalanhuyanh.com/userfiles/image/shop-hoa-lan/lan-dep-khac/kiem/hinh-hoa-kiem-vang-dai-anh-nho.jpg,190000,"Lan kiáº¿m vÃ ng hoa trÆ¡n khÃ´ng nhá»¯ng hoa mÃ  lÃ¡ cÅ©ng ráº¥t Ä‘áº¹p, cÃ¢y cÃ³ báº£n lÃ¡ to vÃ  dÃ y hÆ¡n cÃ¡c loáº¡i kiáº¿m khÃ¡c. MÃ u hoa vÃ ng trÆ¡n cÅ©ng má»™t trong cÃ¡c mÃ u Ä‘áº¹p Ä‘Æ°á»£c yÃªu thÃ­ch nháº¥t.",Gia ?Enh,
105,Phi Ä‘iá»‡p tráº¯ng lai tráº§m tráº¯ng,https://hoalanhuyanh.com/userfiles/image/shop-hoa-lan/lai/tram-trang-phi-diep-trang/anh-nho-tram-lai-phi-diep-trang-cay-dep.jpg,600000,"Ná»•i báº­t nháº¥t trong dÃ²ng lai tráº§m tráº¯ng vÃ  phi Ä‘iá»‡p tráº¯ng lÃ  cÃ¢y báº¡ch long, dÃ²ng lai nÃ y Ä‘á»u cÃ³ Ä‘áº·c Ä‘iá»ƒm bÃ´ng to, thÆ¡m, trÃªn 90% lÃ  bÃ´ng tráº¯ng",Sinh Nh?t,
106,Tráº§m há»“ng long,https://hoalanhuyanh.com/userfiles/image/shop-hoa-lan/phi-diep/hong-loang-1-1.jpg,450000,"ThÃ¢n to máº­p Ãº, má»™t cháº­u 3 thÃ¢n, hoa thÆ¡m, mÃ u Ä‘áº¹p.DÃ i trÃªn 30cm, CÃ³ hÃ¬nh máº·t hoa nÄƒm trÆ°á»›c",Gia ?Enh,
107,ÄÃ´i Ä‘ai chÃ¢u tráº¯ng,https://hoalanhuyanh.com/userfiles/image/shop-hoa-lan/ngoc-diem/trang/dai-chau-trang-4-1.jpg,300000,"ChÃ¢u Ä‘ai chÃ¢u hoa tráº¯ng Ä‘áº¹p, lÃ¡ khÃ­t, Ä‘ang ná»¥. CÃ¢y Ä‘ang bÃ¡m cháº­u nhá»±a, ráº¥t phÃ¹ há»£p Ä‘á»ƒ ghÃ©p trá»¥ gá»— chÆ¡i xuÃ¢n.Â ",Gia ?Enh,
108,Giáº£ háº¡c momotora,https://hoalanhuyanh.com/userfiles/image/shop-hoa-lan/gia-hac/momotora/gia-hac-momotora-3-1.jpg,350000,"Momotara loáº¡i giáº£ háº¡c má»›i nÃ y lÃ  káº¿t quáº£ cá»§a cáº·p lai tráº§m Ä‘á» vÃ  vÃ´i. CÃ¢y cÃ³ máº·t bÃ´ng khÃ¡ á»•n Ä‘á»‹nh vÃ  cÃ³ nhiá»u Ä‘áº·c Ä‘iá»ƒm nhÆ° mong Ä‘á»£i, cÃ¢y khá»e, thÃ¢n to, sai hoa, Ä‘áº·c biá»‡t lÆ°á»¡i hoa mang dÃ¡ng dáº¥p cá»§a vÃ´i nhÆ°ng cÃ³ mÃ u cá»§a tráº§m Ä‘á».",Ti?c C??i,
109,QuÃ  táº·ng noel cho báº¡n gÃ¡i,https://hoalanhuyanh.com/userfiles/image/ho-diep/noel/3-1.jpg,430000,"Hoa lan há»“ Ä‘iá»‡p, mÃ³n quÃ  táº·ng noel Ã½ nghÄ©a vÃ  báº¥t ngá» dÃ nh cho báº¡n gÃ¡i. CÃ¢y khá»e máº¡nh Ä‘Ã£ ra hoa vÃ  ná»¥ cÃ³ thá»ƒ chÆ¡i qua táº¿t dÆ°Æ¡ng lá»‹ch",Gia ?Enh,
110,Trang trÃ­ showroom ná»™i tháº¥t vá»›i Lan Há»“ Äiá»‡p,https://hoalanhuyanh.com/userfiles/image/ho-diep/showroomnoithat/2-2.jpg,450000,"Lan há»“ Ä‘iá»‡p phÃ¹ há»£p Ä‘á»ƒ chÄƒm sÃ³c trong phÃ²ng, do chÃºng khÃ´ng cáº§n nhiá»u Ã¡nh sÃ¡ng tá»± nhiÃªn. Hoa lan há»“ Ä‘iá»‡p cÅ©ng ráº¥t lÃ¢u rá»¥ng tá»« 6- 8 tuáº§n, nhÆ° váº­y báº¡n chá»‰ pháº£i tráº£ 10.000 Ä‘/ngÃ y chi phÃ­ hoa trang trÃ­.",Khai Tr??ng,
111,HoÃ ng tháº£o bÆ°á»›m tráº¯ng,https://hoalanhuyanh.com/userfiles/image/shop-hoa-lan/hoang-thao/loai-khac/hoang-thao-buom-trang-1-1.jpg,190000,"Hoa tráº¯ng cá»±c Ä‘áº¹p, ráº¥t dá»… chÄƒm sÃ³c. MÃ¹a hoa thÃ¡ng 3 Ã¢m. TÃªn quá»‘c táº¿ Formosum, hÃ ng nháº­p kháº©u thÃ¡i lan",Gia ?Enh,
112,Den xuÃ¢n cÃ¡nh sen,https://hoalanhuyanh.com/userfiles/image/shop-hoa-lan/vanda-dendro/den-canh-sen/den-xuan-canh-sen-2-1.jpg,260000,"Nháº­t khÃ´ng pháº£i cÆ°á»ng quá»‘c hoa lan nhÆ°ng thá»±c sá»± lÃ  ra cÃ¢y nÃ o cháº¥t cÃ¢y Ä‘Ã³. Den xuÃ¢n cÃ¡nh sen, Ä‘Ã¢y lÃ  cÃ¢y lai Ä‘Ã¹iÂ  gÃ  Ä‘Ã´ng dÆ°Æ¡ng vá»›i Ä‘Ã¹i gÃ  nháº­t. MÃ u sáº¯c quÃ¡ Ä‘áº¹p, hÆ°Æ¡ng ráº¥t ná»“ng",Gia ?Enh,
113,Há»“ng ngá»c,https://hoalanhuyanh.com/userfiles/image/shop-hoa-lan/lan-dep-khac/lan-hong-ngoc-1.jpg,200000,"Giáº£ háº¡c há»“ng ngá»c (Den.adastra) hÃ ng nháº­p Ä‘Ã i loan cÃ¢y kei, chuáº©n máº·t hoa. CÃ¢y khá»e Ä‘Ã£ trá»“ng táº¡i vÆ°á»n 1 nÄƒm, Ä‘ang phÃ¡t triá»ƒn tá»‘t, Ä‘ang cÃ³ máº§m non",Sinh Nh?t,
114,Myaki cam - hoa kháº¿ cam,https://hoalanhuyanh.com/userfiles/image/shop-hoa-lan/hoang-thao/hoa-khe/hoa-khe-cam-hinh-hoa-1-1.jpg,250000,"Myaki cam - hoa kháº¿ cam hÃ ng thÃ¡i, bÃ´ng cá»±c rá»±c rá»¡, hoa Ä‘áº§u hÃ¨, Ä‘Ã£ thuáº§n táº¡i vÆ°á»n 3 nÄƒm. Thoáº£i mÃ¡i khá»e",T?ng M?,
115,Äen xuÃ¢n cÃ¡nh tráº¯ng há»ng xanh,https://hoalanhuyanh.com/userfiles/image/shop-hoa-lan/vanda-dendro/hong-xanh/den-xuan-canh-trang-hong-xanh-1-1.jpg,300000,"ÄÃ¢y lÃ  má»™t biáº¿n thá»ƒ cá»§a Ä‘Ã¹i gÃ  nÃªn váº«n thá»«a hÆ°á»Ÿng nhá»¯ng Æ°u Ä‘iá»ƒm nhÆ° cÃ¢y khá»e, thÃ¢n to Ä‘áº¹p. NhÆ°ng láº¡i sá»Ÿ há»¯u máº·t bÃ´ng vÃ´ cÃ¹ng xuáº¥t sáº¯c cÃ¡nh tráº¯ng há»ng xanh. Hoa mÃ¹a xuÃ¢n, ráº¥t sai hoa dÃ¹ thÃ¢n cÃ¢y khÃ´ng quÃ¡ dÃ i.Â ",T?ng M?,
116,Phi Ä‘iá»‡p tráº¯ng thá»±c hÃ ,https://hoalanhuyanh.com/userfiles/image/shop-hoa-lan/doc-dao/phi-diep-trang-thuc-ha-1-1.jpg,250000,BÃ¡n kei phi Ä‘iá»‡p tráº¯ng thá»±c hÃ . Báº£o hÃ nh máº·t hoa. CÃ¡c bÃ¡c lÆ°u Ã½ hÃ ng nÃ y bÃ¡n theo cm nhÃ©,20/11,
117,Tráº§m 6 máº¯t bÃ´ng chuáº©n,https://hoalanhuyanh.com/userfiles/image/shop-hoa-lan/doc-dao/tram-6-mat/tram-6-mat-bong-dep-1-1.jpg,1300000,Má»—i cÃ¡nh 2 bÃªn cÃ³ thÃªm 2 máº¯t káº¿t há»£p vá»›i 2 máº¯t lÆ°á»¡i táº¡o thÃ nh bÃ´ng tráº§m 6 máº¯t. Sá»Ÿ há»¯u váº» Ä‘áº¹p vÃ  khÃ´ng thá»ƒ láº«n lá»™n vá»›i báº¥t cá»© bÃ´ng tráº§m nÃ o khÃ¡c. VÃ  cÅ©ng ráº¥t thÆ¡mÂ ,Gia ?Enh,
118,SiÃªu tráº§m,https://hoalanhuyanh.com/userfiles/image/shop-hoa-lan/tram/sieu-tram/anh-nho-mat-hoa-sieu-tram-1.jpg,350000,"HÃ ng Ä‘Ã i loan, há»©a háº¹n cho máº·t hoa Ä‘áº¹p, cÃ¢y to, thÃ¢n ráº¥t máº­p. Äang Ä‘Æ°á»£c trá»“ng táº¡i vÆ°á»n khá»e máº¡nh. Loáº¡i siÃªu tráº§m nÃ y cÃ³ bÃ´ng to nhÆ° phi Ä‘iá»‡p, ráº¥t thÆ¡m vÃ  mang sáº¯c mÃ u cá»§a tráº§m",TEnh YEu,
119,Äai chÃ¢u tráº¯ng ghÃ©p gá»—,https://hoalanhuyanh.com/userfiles/image/shop-hoa-lan/ngoc-diem/trang/dai-chau-trang-ghep-go-4-1.jpg,400000,"Äai chÃ¢u tráº¯ng hÃ ng thÃ¡i ghÃ©p gá»—, bá»™ lÃ¡ Ä‘áº¹p, rá»… bÃ¡m cháº·t vÃ o giÃ¡ thá»ƒ gá»—. Äa pháº§n lÃ  lÃ¡ xáº¿p táº¥t cáº£ Ä‘á»u Ä‘ang nhÃº ná»¥. Loáº¡i Ä‘ai chÃ¢u tráº¯ng hÃ ng rá»«ng thÃ¬ hiáº¿m, nhÆ°ng hÃ ng thÃ¡i thÃ¬ cÃ³ ráº¥t nhiá»u nhÃ©, vÃ  giÃ¡ qua tá»«ng nÄƒm láº¡i ráº» hÆ¡n. NÃªn cÃ¡c bÃ¡c khÃ´ng cáº§n lo bá»‹ sai mÃ u hoa Ä‘Ã¢u ah.Â ",Gia ?Enh,
120,Tiá»ƒu báº¡ch long ghÃ©p gá»—,https://hoalanhuyanh.com/userfiles/image/shop-hoa-lan/gia-hac/tieu-bach-long/anh-nho-tieu-bach-long.jpg,200000,"Tiá»ƒu báº¡ch long cÃ³ thÃ¢n vÃ  hoa nhÆ° Ä‘áº¡i báº¡ch long, hoa tráº¯ng, ráº¥t thÆ¡m hoa cuá»‘i mÃ¹a xuÃ¢n. NhÆ°ng dá»… hoa hÆ¡n Ä‘áº¡i báº¡ch long vÃ  thÃ¢n cÅ©ng nhá» hÆ¡n.",Gia ?Enh,
121,Giáº£ háº¡c phi Ä‘iá»‡p tÃ­m lai tráº§m tÃ­m,https://hoalanhuyanh.com/userfiles/image/gio-lan/lai/tram-tim-lai/anh-nho-phi-diep-lai-tram.jpg,400000,"DÃ²ng lai phi Ä‘iá»‡p tÃ­m vÃ  tráº§m tÃ­m cÃ³ quÃ¡ nhiá»u Æ°u Ä‘iá»ƒm nhÆ° thÃ¢n dÃ i, hoa to, ráº¥t thÆ¡m, phÃ¡t triá»ƒn nhanh. GiÃ² ghÃ©p gá»— hiá»‡n táº¡i Ä‘ang ráº¥t Ä‘áº¹p, chÆ°a tháº¯t ngá»n",TEnh B?n,
122,Phi Ä‘iá»‡p 6 máº¯t,https://hoalanhuyanh.com/userfiles/image/shop-hoa-lan/doc-dao/phi-diep-6-mat-3-1.jpg,100000,"Máº·t bÃ´ng cá»±c Ä‘áº¹p cÃ³ 6 máº¯t lÃ  loáº¡i Ä‘á»™t biáº¿n cá»§a dÃ²ng phi Ä‘iá»‡p, Ä‘Æ°á»£c ráº¥t nhiá»u ngÆ°á»i chÆ¡i phi Ä‘iá»‡p yÃªu thÃ­ch",TEnh B?n,
123,"BÃ¡n 2 Cháº­u phi Ä‘iá»‡p tÃ­m, phÃ­a báº¯c",https://hoalanhuyanh.com/userfiles/image/gio-lan/phi-diep-tim/2-chau-phi-diep-tim/anh-nho-chau-phi-diep-5-ngon.jpg,1100000,"Em bÃ¡n 2 giÃ² cháº­u phi Ä‘iá»‡p tÃ­m nguá»“n gá»‘c miá»n báº¯c, Ä‘ang phÃ¡t triá»ƒn tá»‘t táº¡i vÆ°á»n, trá»“ng cháº­u vá»›i giÃ¡ thá»ƒ vá» thÃ´ng, dá»›n cá»ng. hoa xá»•",Sinh Nh?t,
124,Kei phi Ä‘iá»‡p trÆ°á»ng sÆ¡n,https://hoalanhuyanh.com/userfiles/image/gio-lan/phi-diep-tim/kei-truong-son/anh-nho-kei-phi-diep-truong-son.jpg,50000,"Kei phi Ä‘iá»‡p hÃ ng rá»«ng trÆ°á»ng sÆ¡n cÃ³ nhiá»u máº·t hoa Ä‘áº¹p, Ä‘Ã£ xá»• hoa á»Ÿ vÆ°á»n cÃ¡c nÄƒm trÆ°á»›c. Kei hiá»‡n táº¡i em Ä‘Ã£ Æ°Æ¡m khoáº£ngÂ  3 thÃ¡ng, Ä‘Ã£ ra rá»….",TEnh B?n,
125,HÃ i háº±ng,https://hoalanhuyanh.com/userfiles/image/shop-hoa-lan/lan-hai/hai-hang-1-1.jpg,120000,"HÃ i háº±ng má»™t loáº¡i lan Ä‘áº·c há»¯u cá»§a viá»‡t nam, phÃ¹ há»£p vá»›i khÃ­ háº­u miá»n báº¯c, mÃ¹a hoa thÃ¡ng 3-4. Báº£n lÃ¡ trung bÃ¬nh 3,5 â€“ 4 cm. CÃ¢y khá»e",20/11,
126,CÄƒn diá»‡p xanh hÃ ng thÃ¡i,https://hoalanhuyanh.com/userfiles/image/shop-hoa-lan/lan-dep-khac/can-diep/hinh-hoa-can-diep-xanh-1-1.jpg,160000,"Bá»™ rá»… ráº¥t dáº§y bÃ¡m cháº·t báº£ng gá»—, cÄƒn diá»‡p xanh má»™t trong cÃ¡c loáº¡i thÃº vá»‹ nháº¥t trong há» nhÃ  Lan",TEnh B?n,
127,Äáº¡i Ã½ tháº£o hÃ ng thuáº§n,https://hoalanhuyanh.com/userfiles/image/shop-hoa-lan/hoang-thao/dai-y-thao/anh-nho-lan-dai-y-thao.jpg,200000,"ÄÃ¢y lÃ  loáº¡i lan giá»‘ng háº¡c vá»¹ nhÆ°ng cÅ©ng hoÃ n toÃ n khÃ¡c vÃ  ráº¥t dá»… bá»‹ nháº§m. Äáº¡i Ã½ tháº£o cÃ¢y phÃ¡t triá»ƒn ráº¥t nhanh, vÃ  dÃ i.Â ",TEnh YEu,
128,Lan tÃ³c tiÃªn,https://hoalanhuyanh.com/userfiles/image/shop-hoa-lan/lan-dep-khac/hoa-lan-toc-tien-1-1.jpg,200000,"Hoa thÃ¡ng 3-4 Ã¢m , ngá»n dÃ i khoáº£ng 40-50cm, bá»™ rá»… Ä‘áº¹p, ghÃ©p gá»—. CÃ¡nh hoa tráº¯ng, pháº§n lÆ°á»¡i mÃ u tÃ­m vÃ  vÃ ng, ráº¥t Ä‘áº¹p",TEnh YEu,
129,Giáº£ háº¡c hoa há»“ng Ä‘á»,https://hoalanhuyanh.com/userfiles/image/shop-hoa-lan/lan-dep-khac/hoa-hong-do/hinh-hoa-hoa-hong-do-nam-dau-hinh-nho.jpg,70000,CÃ³ mÃ u hoa Ä‘á» Ä‘áº­m vÃ  tháº¯m nhÆ° hoa há»“ng vÃ  lÃ  cÃ¢y lai giáº£ háº¡c vá»›i háº¡c vá»¹ Ä‘Ã i nÃªn Ä‘Æ°á»£c gá»i lÃ  giáº£ háº¡c hoa há»“ng. TÃªn Ä‘Ã i : Den. Adastra 'Red Rose .Â ,Trong SEng,
130,Äáº¡i Ã½ tháº£o tráº¯ng,https://hoalanhuyanh.com/userfiles/image/shop-hoa-lan/doc-dao/dai-y-thao-trang/dai-y-thao-hoa-trang-1-1.jpg,1000000,"Äáº¡i Ã½ tháº£o rá»«ng hoa Ä‘á»™t biáº¿n tráº¯ng, cÃ¢y ráº¥t Ä‘áº¹p. Báº£o hÃ nh máº·t hoa, giao hÃ ng toÃ n quá»‘c. BÃ´ng tráº¯ng tinh Ä‘á»™c vÃ  hiáº¿m",Ti?c C??i,
131,Thanh Ä‘áº¡m indo,https://hoalanhuyanh.com/userfiles/image/shop-hoa-lan/lan-dep-khac/thanh-dam-1-1.jpg,240000,"Thanh Ä‘áº¡m indo, dá»… trá»“ng, nhiá»u hoa vÃ  Ä‘áº·c biá»‡t hoa ráº¥t thÆ¡m, cÃ¢y ra hoa thÃ¡ng 7 â€“ 12, má»™t cÃ¢y cÃ³ thá»ƒ cÃ³ nhiá»u vÃ²i hoa",TEnh B?n,
132,Giáº£ háº¡c lá»¥c bÃ¬nh,https://hoalanhuyanh.com/userfiles/image/shop-hoa-lan/phi-diep/2017/luc-binh/gia-hac-luc-binh-1-1.jpg,850000,"Hoa cÃ³ mÃ u tÃ­m nhÆ° lá»¥c bÃ¬nh nÃªn cÃ²n Ä‘Æ°á»£c biáº¿t Ä‘áº¿n vá»›i tÃªn giáº£ háº¡c lá»¥c bÃ¬nh, hoa ráº¥t thÆ¡m. CÃ³ giÃ¡ trá»‹ cao, lÃ  loáº¡i giáº£ háº¡c Ä‘á»™c Ä‘Ã¡o",V?n PhEng,
133,Giáº£ háº¡c thiÃªn sá»©,https://hoalanhuyanh.com/userfiles/image/shop-hoa-lan/gia-hac/thien-su/gia-hac-thien-su-3-1.jpg,290000,"Hiáº¿m cÃ³ loáº¡i giáº£ háº¡c cÃ´ng nghiá»‡p nÃ o Ä‘Æ°á»£cÂ  nhiá»u ngÆ°á»i sÄƒn lÃ¹ng vÃ  táº¡o ra cÆ¡n sá»‘t nhÆ° giáº£ háº¡c ThiÃªn Sá»©. Ráº¥t may Ä‘Ã¢y láº¡i lÃ  loáº¡i lan cá»§a ÄÃ i Loan nÃªn tá»‘c Ä‘á»™ nhÃ¢n giá»‘ng nhanh, sá»›m Ä‘Ã¡p á»©ng Ä‘Æ°á»£c nhu cáº§u ngÆ°á»i chÆ¡i lan",Gia ?Enh,
134,Tráº§m hybis hÃ ng Ä‘Ã i loan,https://hoalanhuyanh.com/userfiles/image/shop-hoa-lan/phi-diep/tram/tram-hybis-dai-1-1.jpg,280000,"Tráº§m hybis Ä‘Ã i loan cÃ¢y Ä‘ang phÃ¡t triá»ƒn ráº¥t khá»e, thÃ¢n máº­p, Ä‘áº¹p nhÆ° hÃ¬nh. Hoa sá»• xá»‘ nhÆ°ng form hoa gáº§n nhÆ° giá»‘ng nhau vÃ  toÃ n bÃ´ng Ä‘áº¹pTráº§m",?am ME Huy?n BE,
135,Giáº£ háº¡c tráº¯ng mÅ©i há»“ng,https://hoalanhuyanh.com/userfiles/image/shop-hoa-lan/phi-diep/gia-hac/5-canh-trang-mui-hong-3-1.jpg,550000,"CÃ¡nh tráº¯ng mÅ©i há»“ng cá»±c Ä‘áº¹p, thÃ¢n ráº¥t máº­p.HÃ ng thÃ¡i cÃ¢y khá»e giÃ¡ ráº», máº·t hoa Ä‘áº¹p. HÃ ng sÆ°u táº§m khÃ´ng thá»ƒ bá» qua",Sinh Nh?t,
136,Giáº£ háº¡c tÃ­m thÃ¡i,https://hoalanhuyanh.com/userfiles/image/shop-hoa-lan/phi-diep/2017/phi-diep-thai-1-1.jpg,230000,"GiÃ² giáº£ háº¡c tÃ­m rá»«ng cá»§a thÃ¡i (khÃ´ng pháº£i hÃ ng cÃ´ng nghiá»‡p), ghÃ©p gá»— nÄƒm 2. GiÃ¡ ráº¥t háº¥p dáº«n, cÃ¢y khá»e Ä‘áº¹p. Rá»… Ä‘Ã£ bÃ¡m Ä‘áº§y báº£ng gá»—, báº£ng cÃ³ 2 hoáº·c 3 thÃ¢n.",H?i Ngh?,
137,Giáº£ háº¡c há»“ng nhung,https://hoalanhuyanh.com/userfiles/image/shop-hoa-lan/phi-diep/2017/hong-nhung/gia-hac-hong-nhung-1-1.jpg,360000,"ÄÃ¢y lÃ  loáº¡i lan má»›i cá»§a Ä‘Ã i loan, cÃ³ nguá»“n gá»‘c tá»« giáº£ háº¡c hoa há»“ng nhÆ°ng bÃ´ng Ä‘áº­m hÆ¡n, nÃªn ngoÃ i tÃªn giáº£ háº¡c há»“ng nhung cÃ²n cÃ³ tÃªn khÃ¡c lÃ  giáº£ háº¡c hoa há»“ng bÃ´ng Ä‘áº­m. ÄANG Ná»¤",Sinh Nh?t,
138,Kiáº¿m vÃ ng hoa sá»c,https://hoalanhuyanh.com/userfiles/image/shop-hoa-lan/lan-dep-khac/kiem/kiem-hoa-soc-3-1.jpg,500000,"BÃ¡c nÃ o thÃ­ch kiáº¿m khÃ´ng? Loáº¡i nÃ y cá»±c khá»e, phÃ¡t triá»ƒn nhanh, ra nhiá»u hoa thÆ¡m dá»‹u. Cháº­u nhiá»u thÃ¢n.",Sinh Nh?t,
139,Äai chÃ¢u tráº¯ng máº¹ con,https://hoalanhuyanh.com/userfiles/image/gio-lan/dai-chau/trang-me-con/anh-nho-dai-chau-trang.jpg,800000,"Äai chÃ¢u loáº¡i lan khÃ´ng thá»ƒ thiáº¿u má»—i khi xuÃ¢n vá», cÃ¢y cÃ³ hÆ°Æ¡ng thÆ¡m ná»“ng vÃ  mÃ u sáº¯c Ä‘a dáº¡ng. Trong Ä‘Ã³ Ä‘ai chÃ¢u tráº¯ng ráº¥t Ä‘Æ°á»£c yÃªu thÃ­ch bá»Ÿi sá»± má»›i máº» tinh khÃ´i",Sinh Nh?t,
140,"Tráº§m tráº¯ng, hÃ ng Ä‘Ã i loan",https://hoalanhuyanh.com/userfiles/image/shop-hoa-lan/phi-diep/tram-trang-dai/tram-trang-hang-dai-1-1.jpg,280000,"Tráº§m tráº¯ng, hÃ ng Ä‘Ã i loan. ThÃ¢n ráº¥t dÃ i, hoa tráº¯ng tinh cÃ³ mÃ¹i thÆ¡m cá»§a tráº§m. CÃ¢y em bÃ¡n nÄƒm 2 dÃ i khoáº£ng 10-15cm.",Sinh Nh?t,
141,Chu Ä‘Ã¬nh vÃ ng,https://hoalanhuyanh.com/userfiles/image/shop-hoa-lan/lan-dep-khac/chu-dinh-vang-1-1.jpg,2400000,"BÃ¡n chu Ä‘á»‰nh vÃ ng, cÃ¢y trá»“ng táº¡i vÆ°á»n nÃªn ráº¥t khá»e máº¡nh, lÃ¡ Ä‘áº¹p . Hoa mÃ¹a xuÃ¢n vÃ  mÃ¹a hÃ¨",Gia ?Enh,
142,HoÃ ng tháº£o vÃ´i tráº¯ng,https://hoalanhuyanh.com/userfiles/image/shop-hoa-lan/hoang-thao/voi/hoang-thao-voi-trang-1-1.jpg,230000,BÃ´ng hoa chá»©a má»™t mÃ u tráº¯ng tinh khiáº¿t vÃ  Má»™t máº¡ng lÆ°á»›i máº¡ch mÃ¡u há»“ng má» trÃªn ná»n vÃ ng cáº£m á»©ng . CÃ¹ng vá»›i hÆ°Æ¡ng thÆ¡m ná»“ng,Chia Bu?n,
143,Hawai tÃ­m hÃ ng cá»‘c,https://hoalanhuyanh.com/userfiles/image/shop-hoa-lan/lan-dep-khac/hawai-tim-1-1.png,250000,"Hawai tÃ­m báº£ng dá»›n cÃ¢y Ä‘áº¹p, Ä‘ang phÃ¡t triá»ƒn tá»‘t báº¯t Ä‘áº§u vÃ o nÄƒm 3. Má»—i báº£ng cÃ³ 3,4 Ä‘áº§u, dÃ i tá»« 10-20cm. CÃ¢y ráº¥t khá»e nhÆ° hÃ¬nh bÃªn dÆ°á»›i nhÃ©.Â ",T?ng M?,
144,Äá»‹a lan thanh ngá»c,https://hoalanhuyanh.com/userfiles/image/hoa-tet/dia-lan-kiem/lan-thanh-ngoc-1-1.jpg,200000,"Äá»‹a lan thanh ngá»c hoa xuÃ¢n, hoa ráº¥t bá»n nÃªn thÆ°á»ng Ä‘Æ°á»£c chÆ¡i vÃ o dá»‹p táº¿t. BÃ´ng mÃ u xanh, thÆ¡m sá»Ÿ há»¯u váº» Ä‘áº¹p thanh tao. VÃ²i hoa dÃ i khoáº£ng 30-40cm cÃ¡c cÃ¢y khá»e cho nhiá»u bÃ´ng trÃªn má»™t vÃ²i hÆ¡n tá»« 3-9 bÃ´ng. Em giao hÃ ngÂ  tá»« 2 thÃ¢n.",Ti?c C??i,
145,CÃ¡t máº·t hoa xinh M369,https://hoalanhuyanh.com/userfiles/image/shop-hoa-lan/cat-thien-nga/cat-thom/cat-m369-1-2.jpg,200000,"BÃ´ng cÃ¡t mini mÃ u há»“ng Ä‘á», cÃ¡nh hoa cÃ³ 4 máº¯t tráº¯ng Ä‘á»‘i xá»©ng ráº¥t Ä‘áº¹p. CÅ©ng nhÆ° cÃ¡c loáº¡i cÃ¡t mini khÃ¡c bÃ´ng M369 nÃ y cÃ³ hÆ°Æ¡ng thÆ¡m nháº¹.",Thanh Cao,
146,Tráº§m w3 cá»±c thÆ¡m,https://hoalanhuyanh.com/userfiles/image/shop-hoa-lan/phi-diep/tram/w3/tram-w3-cuc-thom-1-1.jpg,450000,"CÃ¢y má»›i chuáº©n máº·t hoa, vÃ  cá»±c thÆ¡m cá»§a Ä‘Ã i loan. Giá»‘ng cÃ¢y nÃ y cÃ³ thÃ¢n máº­p, phÃ¡t triá»ƒn theo phÆ°Æ¡ng tháº³ng Ä‘á»©ng, dá»… dÃ ng Ä‘áº¡t chiá»u dÃ i trÃªn 50cm â€“ 1m",TEnh YEu,
147,Giáº£ háº¡c lÃ¡ biÃªn,https://hoalanhuyanh.com/userfiles/image/shop-hoa-lan/phi-diep/2017/gia-hac/gia-hac-la-bien-1-1.jpg,180000,DÃ²ng nÃ y hÃ ng thÆ°á»ng khÃ´ng cÃ³ nhiá»u do Ä‘á»ƒ chuáº©n cÃ¢y nÃªn Ä‘Æ°á»£c nhÃ¢n giá»‘ng kei (khÃ´ng pháº£i hÃ ng mÃ´). CÃ¢y nÄƒm 2,Thanh Cao,
148,Äai chÃ¢u cÃ¢y Ä‘Æ¡n nhá» cÃ¡c mÃ u,https://hoalanhuyanh.com/userfiles/image/shop-hoa-lan/ngoc-diem/cay-nho-cac-mau/dai-chau-cay-nho-2-1.jpg,55000,"ÄÃ³n táº¿t vá»›i Ä‘ai chÃ¢u cÃ¡c mÃ u, cÃ¢y Ä‘áº¹p, Ä‘Ã¢y lÃ  cá»¡ cÃ¢y Ä‘Æ¡n nhá» hÃ ng thÃ¡i cÃ³ cÃ¡c mÃ u, Ä‘á», Ä‘á»‘m, há»“ng cÃ¡nh sen, bÃ² sá»¯a. Kháº£ nÄƒng hoa táº¿t lÃ  ráº¥t cao. Táº¥t cáº£ Ä‘á»u trá»“ng trong cháº­u nhá»±a nhá» cÃ³ bá»™ rá»… Ä‘áº¹p.Â Â ",Sinh Nh?t,
149,Cháº­u nestor ná»¥,https://hoalanhuyanh.com/userfiles/image/gio-lan/chau-nestor/nestor-nu-1-1.jpg,280000,"CÃ‚y ghÃ©p gá»— Ä‘á»ƒ trong cháº­u nhá»±a, Ä‘ang cÃ³ ná»¥. KhÃ´ng biáº¿t máº·t hoa, chá»‰ cháº¯c cháº¯n lÃ  hoa thÆ¡m. Äang lÃªn cÃ¢y non",Thanh Cao,
150,Phi Ä‘iá»‡p tÃ¢y báº¯c,https://hoalanhuyanh.com/userfiles/image/gio-lan/phi-diep-tim/phi-diep-tay-bac-1-1.jpg,2200000,"GiÃ² ghÃ©p dá»›n trá»“ng cháº­u nhá»±a, Ä‘Ã£ vÃ o vÆ°á»n hÆ¡n 1 nÄƒm cÃ¢y Ä‘ang mÃ¹a phÃ¡t triá»ƒn sung sá»©c. HÃ ng phi Ä‘iá»‡p tÃ­m tÃ¢y báº¯c",Gia ?Enh,
151,TÃ³c tiÃªn káº¹o dá»«a,https://hoalanhuyanh.com/userfiles/image/shop-hoa-lan/lan-dep-khac/toc-tien-keo-dua-1.jpg,220000,"Má»—i nÄƒm chá»‰ ra hoa 1 láº§n, nhÆ°ng cÃ¢y ráº¥t dá»… trá»“ng, phÃ¡t triá»ƒn nhanh. CÃ³ thá»ƒ Ä‘á»ƒ lÃ m cÃ¢y cáº£nh",Gia ?Enh,
152,CÄƒn diá»‡p vÃ ng hÃ ng thÃ¡i,https://hoalanhuyanh.com/userfiles/image/shop-hoa-lan/lan-dep-khac/can-diep/can-diep-vang-thai-3-1.jpg,150000,"CÄ‚n diá»‡p loáº¡i hoa thÃº vá»‹ nháº¥t trong cÃ¡c giá»‘ng lan. CÃ¢y hÃ ng thÃ¡i Ä‘Ã£ bÃ¡m cháº¯c giÃ¡ thá»ƒ, sá»©c sá»‘ng mÃ£nh liá»‡t",Gia ?Enh,
153,SiÃªu tráº§m Ä‘á»,https://hoalanhuyanh.com/userfiles/image/shop-hoa-lan/tram/2017/sieu-tram-do/hoa-sieu-tram-do-1.jpg,260000,"Ná»•i tiáº¿ng vá»›i mÃ u hoa tÃ­m Ä‘á» ráº¥t Ä‘áº­m, vÃ  hÆ°Æ¡ng thÆ¡m ná»“ng.",Chia Bu?n,
154,HÃ i niveum,https://hoalanhuyanh.com/userfiles/image/shop-hoa-lan/lan-hai/hai-nevium-2-1.jpg,250000,"Em bÃ¡n BÃ¡n hÃ i niveum Ä‘Ã£ Ä‘Æ°á»£c trá»“ng thuáº§n táº¡i vÆ°á»n trong thá»i gian dÃ i, cÃ¡c bÃ¡c lÆ°u Ã½ cÃ³ loáº¡i hÃ i em bÃ¡n theo cÃ¢y, cÃ³ loáº¡i bÃ¡n theo cháº­u. Khi chuyá»ƒn hÃ ng em sáº½ bá» cháº­u , chá»‰ gá»­i má»—i cÃ¢y.Â ",Chia Bu?n,
155,HÃ i tÃ¡o,https://hoalanhuyanh.com/userfiles/image/shop-hoa-lan/lan-hai/hai-tao-1.jpg,150000,"HÃ i tÃ¡o hay hÃ i Ä‘Ã i trong tá»± nhiÃªn cÃ³ nhiá»u á»Ÿ khu vá»±c quáº£ng bÃ¬nh, lÃ¡ dÃ i Ä‘áº¹p cÃ³ sá»©c sá»‘ng ráº¥t tá»‘t.TÃªn khoa há»cÂ  P. appletonianum",S? Ki?n,
156,HÃ i hiá»‡p,https://hoalanhuyanh.com/userfiles/image/shop-hoa-lan/lan-hai/hai-hiep-1-1.jpg,150000,Lan hÃ i hiá»‡p phÃ¢n bá»‘ chá»§ yáº¿u á»Ÿ phÃ­a báº¯c Ä‘Æ°á»£c tÃ¬m tháº¥y nhiá»u á»Ÿ vÃ¹ng nÃºi tuyÃªn quang,Khai Tr??ng,
157,HÃ i Charles worthii,https://hoalanhuyanh.com/userfiles/image/shop-hoa-lan/lan-hai/hai-charlesworthii-3.jpg,250000,"Lan hÃ i Charles worthii trong tá»± nhiÃªn phÃ¢n bá»‘ táº¡i ThÃ¡i lan, myanma, áº¥n Ä‘á»™ . ChÃºng thÆ°á»ng Ä‘Æ°á»£c tÃ¬m tháº¥y trong bÃ³ng rÃ¢m, vá»›i rá»… bÃ¡m cháº·t vÃ o cÃ¡c táº£ng Ä‘Ã¡",Chia Bu?n,
158,HÃ i gáº¥m,https://hoalanhuyanh.com/userfiles/image/shop-hoa-lan/lan-hai/hai-gam-1-1.jpg,100000,"Lan hÃ i gáº¥m Ä‘Ã£ thuáº§n táº¡i vÆ°á»n miá»n báº¯c, má»™t cháº­u cÃ³ tá»« 3 Ä‘áº¿n 5 cÃ¢y. CÃ¢y Ä‘ang phÃ¡t triá»ƒn ráº¥t khá»e",Chia Bu?n,
159,Tráº§m tráº¯ng lai tráº§m Ã¡m,https://hoalanhuyanh.com/userfiles/image/shop-hoa-lan/tram/lai/trang-lai-am/tram-trang-lai-am-3-1.jpg,320000,"ÄÆ°á»£c lai tá»« 2 giá»‘ng tráº§m ná»•i tiáº¿ng, máº·c dÃ¹ lÃ  hÃ ng lai nhÆ°ng lÃ  hÃ ng Ä‘Ã i nÃªn tá»· lá»‡ ra bÃ´ng Ä‘áº¹p ráº¥t cao. CÃ¢y nÄƒm 2 ráº¥t máº­p vÃ  khá»e.Â ",TEnh YEu,
160,Tráº§m tÃ­m Ä‘Ã i loan,https://hoalanhuyanh.com/userfiles/image/shop-hoa-lan/phi-diep/tram-tim-dai/tram-tim-hang-dai-1-2.jpg,250000,Tráº§m tÃ­m thuáº§n má»›i vá». Ä‘Æ°á»£c lá»±a chá»n nhÃ¢n giá»‘ng tá»« nhá»¯ng bÃ´ng tráº§m rá»«ng Ä‘áº¹p. GiÃ² tá»« hai máº§m trá»Ÿ lÃªn Ä‘ang phÃ¡t triá»ƒn ráº¥t khá»eÂ ,20/11,
161,HoÃ ng tháº£o hoa tráº¯ng,https://hoalanhuyanh.com/userfiles/image/shop-hoa-lan/hoang-thao/hoa-trang/hoang-thao-hoa-trang-3-1.jpg,200000,"ÄÃ¢y lÃ  tÃªn em gá»i táº¡m thÃ´i cÃ²n tÃª chÃ­nh thá»©c cá»§a nÃ³ lÃ  Den Lovely white, Ä‘Ã¢y lÃ  hÃ ng thÃ¡i. NÄƒm 2 cÃ³ nhiá»u thÃ¢n, Ä‘ang bÃ¡m gá»—. hoa tráº¯ng há»ng xanh",H?i Ngh?,
162,Kiá»u vuÃ´ng,https://hoalanhuyanh.com/userfiles/image/gio-lan/kieu/kieu-vuong-1-1.jpg,180000,"Em cÃ³ máº¥y cháº­u kiá»u vuÃ´ng Ä‘áº¹p, trÃ´ng cháº­u nhá»±a giÃ¡ thá»ƒ gá»—, cÃ¢y ráº¥t Ä‘áº¹p . Cháº­u cÃ³ 6,7 thÃ¢n.",H?i Ngh?,
163,"Phi Ä‘iá»‡p tráº¯ng, hÃ ng thÃ¡i",https://hoalanhuyanh.com/userfiles/image/shop-hoa-lan/phi-diep/phi-diep-trang-thai-1-1.jpg,300000,"Phi Ä‘iá»‡p tráº¯ng tuyá»n hay giáº£ háº¡c tráº¯ng. CÃ¢y Ä‘ang phÃ¡t triá»ƒn tá»‘t, hiá»‡n táº¡i cÃ¢y con Ä‘ang lÃªn cÃ³ thá»ƒ hoa bÃ³i nÄƒm sau, máº·t hoa nhÆ° hÃ¬nh. Phong lan phi Ä‘iá»‡p tráº¯ng tuyá»n cÃ³ giÃ¡ ráº» hÆ¡n lan rá»«ng ráº¥t nhiá»u",V?n PhEng,
164,Äai chÃ¢u giá»‘ng thÃ¡i,https://hoalanhuyanh.com/userfiles/image/shop-hoa-lan/ngoc-diem/cay-giong/dai-chau-la-thuong-cay-giong-hinh-nho.jpg,23000,"BÃ¡n Ä‘ai chÃ¢u táº¡i hÃ  ná»™i, hÃ ng thÃ¡i. Giao hÃ ng tá»« 10 cÃ¢y. Hiá»‡n táº¡i cÃ¢y Ä‘ang cháº­u nhá»±a nhá», phÃ¡t triá»ƒn tá»‘t cÃ³ 2,3 cáº·p lÃ¡ tÃ¹y cÃ¢y.",Gia ?Enh,
165,CÃ¡t tum há»“ng,https://hoalanhuyanh.com/userfiles/image/shop-hoa-lan/lan-dep-khac/cattum-1-1.jpg,240000,ÄÃ¢y lÃ  cÃ¢y má»›i nÃªn táº¡i viá»‡t nam em chÆ°a tháº¥y cá»™ng Ä‘á»“ng nÃ o Ä‘áº·t tÃªn chÃ­nh thá»©c cho nÃ³. TÃªn bÃªn Ä‘Ã i lÃ  clowesia grace dunn,Trong SEng,
166,HoÃ ng tháº£o Ä‘Æ¡n cam thÃ¡i,https://hoalanhuyanh.com/userfiles/image/shop-hoa-lan/hoang-thao/don-cam/don-cam-thai-3-1.jpg,200000,"ÄÆ¡n cam thÃ¡i ghÃ©p báº£ng gá»—, bÃ¡n theo giÃ². BÃ´ng to nhÆ°ng hÆ¡i nháº¡t so vá»›i Ä‘Æ¡n cam rá»«ng, Ä‘Ã£ trá»“ng táº¡i vÆ°á»n nÄƒm 2, dá»… chÄƒm sÃ³c, dá»… ra hoa. Hoa Ä‘áº§u hÃ¨",?am ME Huy?n BE,
167,Phi Ä‘iá»‡p blue,https://hoalanhuyanh.com/userfiles/image/shop-hoa-lan/phi-diep/gia-hac/phi-diep-blue-3-1.jpg,240000,"MÃ u nÃ y sáº½ ráº¥t khÃ³ thÃ¢y trong tá»± nhiÃªn, ngay cáº£ hÃ ng cÃ´ng nghiá»‡p cÅ©ng khÃ´ng cÃ³ nhiá»u. Hoa mÃ u blue, cÃ¢y dÃ i, thÃ¢n khÃ¡ to phÃ¡t triá»ƒn nhanh",Ti?c C??i,
168,Tiá»ƒu há»“ Ä‘iá»‡p lÃ¡ biÃªn,https://hoalanhuyanh.com/userfiles/image/hoa-tet/ho-diep-la-bien/ho-diep-la-bien-2-1.jpg,230000,"Há»“ Ä‘iá»‡p lÃ¡ phÃ¡t tÃ i, trÃ²n Ä‘áº¹p vÃ´ cÃ¹ng Ã½ nghÄ©a trong nhá»¯ng ngÃ y Ä‘áº§u nÄƒm, lÃ m quÃ  táº·ng hoáº·c Ä‘áº·t trong nhÃ  Ä‘á»ƒ may máº¯n ngÃ y táº¿t Ä‘á»u Ä‘Æ°á»£c. CÃ¢y thuá»™c dÃ²ng mini vÃ²i hoa ngáº¯n, hoa ná»Ÿ chÃ¹m ráº¥t Ä‘áº¹p",Khai Tr??ng,
169,Cháº­u hoa há»“ Ä‘iá»‡p táº¿t,https://hoalanhuyanh.com/userfiles/image/hoa-tet/chau-ho-diep/chau-ho-diep-tet-3-1.jpg,100000,"BÃ¡n cÃ¡c cháº­u há»“ Ä‘iá»‡p táº¿t loáº¡i 1 , Ä‘á»ƒ lÃ m quÃ  táº·ng, trang trÃ­ vÄƒn phÃ²ng, nhÃ  á»Ÿ, biá»‡t thá»±, cÃ¡c Ä‘á»‹a Ä‘iá»ƒm tá»• chá»©c sá»± kiá»‡n trong nÄƒm má»›i â€“ Cháº¥t lÆ°á»£ng tá»‘t nháº¥t - Nháº­p tá»« ÄÃ i Loan - Tháº¿ nÃ o lÃ  Há»“ Äiá»‡p Loáº¡i 1 ?",H?i Ngh?,
170,Tráº§m 6 máº¯t lai tráº§m há»“ng,https://hoalanhuyanh.com/userfiles/image/shop-hoa-lan/lai/tram-6mat-hong/hoa-tram-6-mat-lai-tram-hong-1-1.jpg,230000,"ChÆ°a xá»• hoa láº§n nÃ o, káº¿t há»£p 2 loáº¡i tráº§m ná»•i tiáº¿ng 6 máº¯t máº·t bÃ´ng Ä‘áº¹p, Ä‘á»™c, láº¡ vÃ  tráº§m há»“ng hÆ°Æ¡ng thÆ¡m cá»±c Ä‘áº­m. Hoa xá»•",Gia ?Enh,
171,Giáº£ háº¡c há»“ng tuyá»n,https://hoalanhuyanh.com/userfiles/image/shop-hoa-lan/phi-diep/5ct-dai/gia-hac-hong-tuyen-3-1.jpg,220000,"Giáº£ háº¡c bÃ´ng há»“ng tuyá»n (semi pink), cÃ¡nh há»“ng dá»‹u nháº¹ nhÃ ng, há»ng máº§u Ä‘áº­m hÆ¡n, máº·t hoa ráº¥t xinh. CÃ¢y mÃ´ hÃ ng Ä‘ai",H?i Ngh?,
172,Tráº§m báº£o báº£o,https://hoalanhuyanh.com/userfiles/image/shop-hoa-lan/tram/2017/4n/hinh-hoa-tram-bao-bao-1.jpg,450000,,Gia ?Enh,
173,Nghá»‡ tÃ¢m Ä‘á»™t biáº¿n lÃ¡,https://hoalanhuyanh.com/userfiles/image/shop-hoa-lan/hoang-thao/nghe-tam/anh-nho-nghe-tam-bach-kim.jpg,300000,"Nghá»‡ tÃ¢m Ä‘á»™t biáº¿n lÃ¡ báº¡ch kim, hÃ ng Ä‘Ã i. HÃ ng dÃ nh riÃªng cho cÃ¡c bÃ¡c thÃ­ch sÆ°u táº§m bá»™ lÃ¡ (hÃ ng hiáº¿m), cÃ¢y nhá» nhÆ°ng ráº¥t khá»e.",H?i Ngh?,
174,"Tráº§m tÃ­m giÃ² to, Ä‘áº¹p",https://hoalanhuyanh.com/userfiles/image/gio-lan/tram-tim/tram-tim-gio-to-dep-2-1.jpg,750000,"ThÃ¢n máº­p, to ráº¥t khá»e Ä‘ang bÃ¡m báº£ng gá»—. HÃ ng tráº§m tÃ­m rá»«ng Ä‘Æ°á»£c trá»“ng thuáº§n táº¡i vÆ°á»n. CÃ¢y váº«n tiáº¿p tá»¥c phÃ¡t triá»ƒn, hoa mÃ¹a sau.",H?i Ngh?,
175,HÃ i chÃ³ Ä‘á»‘m,https://hoalanhuyanh.com/userfiles/image/shop-hoa-lan/lan-hai/lan-hai-cho-dom-1-1.jpg,80000,"BÃ¡n theo cÃ¢y, má»™t cháº­u cÃ³ tá»« 2 Ä‘áº¿n 3 cÃ¢y Ä‘Ã£ thuáº§n táº¡i vÆ°á»n miá»n báº¯c. Hoa khÃ¡ to vÃ  Ä‘áº¹p, Ä‘Æ°á»£c nhiá»u ngÆ°á»i chÆ¡i hÃ i yÃªu thÃ­ch.",CE TEnh,
176,HoÃ ng tháº£o kÃ¨n hÃ ng ThÃ¡i,https://hoalanhuyanh.com/userfiles/image/shop-hoa-lan/hoang-thao/ken/anh-nho-hinh-hoa-lan-ken.jpg,200000,"Hoa lan hoÃ ng tháº£o kÃ¨n ná»•i tiáº¿ng vá»›i mÃ u tÃ­m Ä‘áº¹p vÃ  phom hoa báº¯t máº¯t, hoa mÃ¹a xuÃ¢n . ÄÃ¢y cÅ©ng lÃ  loáº¡i lan khÃ³ thuáº§n nhÆ°ng Ä‘Æ°á»£c ráº¥t nhiá»u ngÆ°á»i chÆ¡i lan tÃ¬m kiáº¿m",CE TEnh,
177,HÆ°ng thá»‹nh â€“ hoa chÃºc má»«ng,https://vietflower.vn/wp-content/uploads/2017/02/hÆ°ng-thá»‹nh-hoa-chÃºc-má»«ng-1.jpg,1620000,"Ká»‡ hoa khai trÆ°Æ¡ng hÆ°ng thá»‹nh vá»›i nÃ©t Ä‘á»™cÂ Ä‘Ã¡o cÃ³ Ä‘Ã´i pháº§n khÃ¡c láº¡, Ä‘iá»ƒm nháº¥n vá»›i 2 cÃ nh lan há»“ Ä‘iá»‡p, lÃ m báº­t lÃªn sá»± Ä‘áº³ng cáº¥p tuyá»‡t Ä‘á»‰nh. Ráº¥t phÃ¹ há»£p cho hoa khai trÆ°Æ¡ng hoÃ nh trÃ¡ng, sang trá»ng, lá»… ká»‰ niá»‡m, ngÃ y thÃ nh láº­p, lá»… khÃ¡nh thÃ nh. Ká»‡ hoa chÃºc má»«ng nÃ y cÅ©ng thÃ­ch há»£p táº·ng lá»… há»™i há»pâ€¦Dá»‹ch vá»¥ Ä‘iá»‡n hoa chá»‰ cÃ³ táº¡i Vietflower :",Gia ?Enh,
178,Lan há»“ Ä‘iá»‡p â€“ báº¥t khuáº¥t,https://vietflower.vn/wp-content/uploads/2017/04/CF324__04323.1448249057.500.500-370x480.jpg,1180000,"Lan lÃ  loÃ i hoa cao quÃ½ mÃ  báº¥t cá»© má»™t tÃ­n Ä‘á»“ yÃªu hoa nÃ o cÅ©ng khÃ´ng thá»ƒ tá»« chá»‘i quyá»n sá»¡ há»¯u chÃºng. VÃ¬ nguyÃªn nhÃ¢n nÃ y nÃªn shop hoa tÆ°Æ¡i hÃ´m nay muá»‘n giá»›i thiá»‡u Ä‘áº¿n má»™t loáº¡i lan há»“ Ä‘iá»‡p mang tÃªn báº¥t khuáº¥t. Cháº¯c trong ai cÅ©ng sáº½ tháº¯c máº¯c má»™t loÃ i hoa thÆ°á»ng sáº½ yáº¿u Ä‘uá»‘i má»ng manh nhÆ°ng táº¡i sao láº¡i mang trong mÃ¬nh cÃ¡i tÃªn máº¡nh máº½ nhÆ° váº­y. Nhá»¯ng suy nghÄ© cá»• hÅ© nhÆ° trÃ´ng máº·t mÃ  báº¯t hÃ¬nh dong Ä‘Ã£ khÃ´ng cÃ²n Ä‘Ãºng trong thá»i buá»•i hiá»‡n nay ná»¯a. Tuy lan há»“ Ä‘iá»‡p nhÃ¬n má»ng mang nhÆ° váº­y nhÆ°ng bÃªn trong nÃ³ mÃ  má»™t sá»©c máº¡nh tÃ¬m áº©n máº¡nh máº½, má»™t sá»©c sá»‘ng cÄƒng trÃ n nhÆ° chÃ­nh cÃ¡i tÃªn báº¥t khuáº¥t nÃ³ mang trong ngÆ°á»i váº­y. Bá»Ÿi vÃ¬ trong cuá»™c sá»‘ng nÃ y, náº¿u khÃ´ng báº¥t khuáº¥t, khÃ´ng máº¡nh máº½ thÃ¬ khÃ´ng thá»ƒ tá»“n táº¡i. HÃ£y nhÆ° lan há»“ Ä‘iá»‡p báº¥t khuáº¥t Ä‘á»ƒ khÃ´ng bá»‹ cuá»™c sá»‘ng vÃ¹i dáº­p. ",Gia ?Enh,
179,Lan há»“ Ä‘iá»‡p â€“ duy nháº¥t,https://vietflower.vn/wp-content/uploads/2017/04/C29-4882__08478.1417292007.500.500-370x480.jpg,350000,None,?am ME Huy?n BE,
180,Lan há»“ Ä‘iá»‡p â€“ khÃ´ng ngáº¡i,https://vietflower.vn/wp-content/uploads/2017/04/CF525__36336.1473632081.500.500-294x480.jpg,1100000,"E tháº¹n Ä‘Ãºng báº£n cháº¥t má»ng manh cá»§a nhá»¯ng Ä‘Ã³a hoa lan há»“ Ä‘iá»‡p mang tÃªn ngáº¡i ngÃ¹ng nÃ y. Giá»‘ng vá»›i nhá»¯ng loÃ i lan há»“ Ä‘iá»‡p máº¡nh máº½ nhÆ° báº¥t khuáº¥t, Ä‘Ã¢y cÅ©ng lÃ  loáº¡i lan mÃ  ráº¥t nhiá»u ngÆ°á»i mong muá»‘n Ä‘Æ°á»£c sá»Ÿ há»¯u. Tuy mang trong ngÆ°á»i cÃ¡i tÃªn hÆ¡i yá»ƒu Ä‘iá»‡u thá»¥c ná»¯ ngáº¡i ngÃ¹ng giá»‘ng nhÆ° váº» Ä‘áº¹p cá»§a má»™t ngÆ°á»i con gÃ¡i Ä‘áº¹p thanh tao toÃ¡t ra. NhÆ°ng sá»©c sá»‘ng cá»§a nÃ³ cÅ©ng khÃ´ng thá»ƒ nÃ o cÃ³ thá»ƒ phá»§ nháº­n Ä‘Æ°á»£c. Má»™t sá»©c sá»‘ng máº¡nh máº½, cÄƒng trÃ n. Náº¿u báº¡n Ä‘ang muá»‘n mua hoa táº·ng báº¡n gÃ¡i nhÃ¢n ngÃ y sinh nháº­t thÃ¬ lan há»“ Ä‘iá»‡p ngáº¡i ngÃ¹ng nÃ y lÃ  má»™t loáº¡i hoa sinh nháº­t khÃ´ng tá»“i. NgÆ°á»i Ä‘Æ°á»£c táº·ng sáº½ xÃ³ cáº£m giÃ¡c lÃ  Ä‘Æ°á»£c lÃ  má»™t ngÆ°á»i quan trá»ng trong cuá»™c sá»‘ng cá»§a báº¡n. Há» sáº½ cÃ³ cáº£m giÃ¡c mÃ¬nh Ä‘Æ°á»£c lÃ  má»™t ngÆ°á»i con gÃ¡i Ä‘áº¹p, Ä‘áº§y háº¥p dáº«n vÃ  cÅ©ng tháº­t máº¡nh máº½ vÃ  lÃ´i cuá»‘n. ChÃ­nh nhá»¯ng Ä‘iá»ƒm Ä‘Ã¡ng yÃªu Ä‘Ã³ sáº½ mang báº¡n vÃ  ngÆ°á»i áº¥y Ä‘áº¿n gáº§n nhau hÆ¡n.",Chia Bu?n,
181,Lan há»“ Ä‘iá»‡p â€“ VhÄ‘001,https://vietflower.vn/wp-content/uploads/2017/03/1-piece-orchids-in-vase-4-450x600-370x480.jpg,680000,None,Ti?c C??i,
182,Lan há»“ Ä‘iá»‡p â€“ VHÄ0010,https://vietflower.vn/wp-content/uploads/2017/04/1-piece-orchids-in-vase-37-450x600-370x480.jpg,250000,None,Gia ?Enh,
183,Lan há»“ Ä‘iá»‡p â€“ VHÄ0011,https://vietflower.vn/wp-content/uploads/2017/04/1-piece-orchids-in-vase-38-450x600-370x480.jpg,250000,None,H?i Ngh?,
184,Lan há»“ Ä‘iá»‡p â€“ VHÄ0012,https://vietflower.vn/wp-content/uploads/2017/04/1-piece-orchids-in-vase-41-450x600-370x480.jpg,480000,None,Chia Bu?n,
185,Lan há»“ Ä‘iá»‡p â€“ VHÄ002,https://vietflower.vn/wp-content/uploads/2018/04/lopdayhoccamhoatuoi-370x480.jpg,1850000,None,V?n PhEng,
186,Lan há»“ Ä‘iá»‡p â€“ VHÄ003,https://vietflower.vn/wp-content/uploads/2017/04/1-piece-orchids-in-vase-7-450x600-370x480.jpg,480000,None,V?n PhEng,
187,Lan há»“ Ä‘iá»‡p â€“ VHÄ004,https://vietflower.vn/wp-content/uploads/2017/04/1-piece-orchids-in-vase-10-450x600-370x480.jpg,260000,None,Trong SEng,
188,Lan há»“ Ä‘iá»‡p â€“ VHÄ005,https://vietflower.vn/wp-content/uploads/2017/04/1-piece-orchids-in-vase-14-450x600-370x480.jpg,720000,None,20/11,
189,Lan há»“ Ä‘iá»‡p â€“ VHÄ006,https://vietflower.vn/wp-content/uploads/2017/04/1-piece-orchids-in-vase-17-450x600-370x480.jpg,1680000,None,H?i Ngh?,
190,Lan há»“ Ä‘iá»‡p â€“ VHÄ007,https://vietflower.vn/wp-content/uploads/2017/04/1-piece-orchids-in-vase-25-450x600-370x480.jpg,1260000,None,Sinh Nh?t,
191,Lan há»“ Ä‘iá»‡p â€“ VHÄ008,https://vietflower.vn/wp-content/uploads/2017/04/1-piece-orchids-in-vase-31-450x600-370x480.jpg,980000,None,Gia ?Enh,
192,Lan há»“ Ä‘iá»‡p â€“ VHÄ009,https://vietflower.vn/wp-content/uploads/2017/04/1-piece-orchids-in-vase-36-450x600-370x480.jpg,1550000,None,TEnh B?n,
193,Lan há»“ Ä‘iá»‡p -VHLÄ029,https://vietflower.vn/wp-content/uploads/2017/02/lan-ho-diep-0011.jpg,1350000,"Â Lan há»“ Ä‘iá»‡p táº¡i vietflower.vn, giÃ¡ luÃ´n luÃ´n á»•n Ä‘á»‹nh, cung cáº¥p cho cÃ¡c shop hoa, Æ°u tiÃªn cÃ¡c doanh nghiá»‡p mua nhiá»u, giÃ¡ á»•n Ä‘á»‹nh quanh nÄƒmDá»‹ch vá»¥ Ä‘iá»‡n hoa chá»‰ cÃ³ táº¡i Vietflower :",Ti?c C??i,
194,Lan há»“ Ä‘iá»‡p 0019,https://vietflower.vn/wp-content/uploads/2018/08/lanhodiepvietflower-370x400.jpg,750000,None,TEnh B?n,
195,Lan há»“ Ä‘iá»‡p VFl023,https://vietflower.vn/wp-content/uploads/2018/08/999_lan-ho-diep.jpg,1320000,"Lan há»“ Ä‘iá»‡p, hiá»‡n nay khi nhu cáº§u táº·ng hoa tÄƒng cao, thÃ¬ lan há»“ Ä‘iá»‡p lÃ  má»™t trong nhá»¯ng loÃ i hoa Ä‘Æ°á»£c hay táº·ng nhiá»u nháº¥t, vÃ¬ nÃ³ luÃ´n luÃ´n sang trá»ng vÃ  cÃ³ Ä‘á»™ bá»nh lÃ¢u.Äá»ƒ Ä‘áº·t mua lan há»“ Ä‘iá»‡p hÃ£y gá»i 0933387393(zalo-viber)",CE TEnh,
196,Lan Há»“ Äiá»‡p VFL024,https://vietflower.vn/wp-content/uploads/2018/08/123_lan-ho-diep-vang.jpg,1100000,None,CE TEnh,
197,Lan há»“ Ä‘iá»‡p VHÄ0012,https://vietflower.vn/wp-content/uploads/2018/07/lanhodiepdailoan-370x400.png,2400000,None,TEnh B?n,
198,Lan há»“ Ä‘iá»‡p VLÄ0013,https://vietflower.vn/wp-content/uploads/2018/07/lanhodiepmautrang-370x400.jpg,750000,None,Gia ?Enh,
199,Lan Há»“ Äiá»‡p VLÄ0014,https://vietflower.vn/wp-content/uploads/2018/07/Lanhodiep-370x400.jpg,1150000,None,TEnh B?n,
200,Lan há»“ Ä‘iá»‡p VLÄ0015,https://vietflower.vn/wp-content/uploads/2018/08/lanhodiepvld0015-370x400.gif,2200000,None,Trang Tr?ng,
201,Lan há»“ Ä‘iá»‡p VLÄ0016,https://vietflower.vn/wp-content/uploads/2018/08/lanhodiepvld0016-370x400.jpg,780000,None,Trang Tr?ng,
202,Lan há»“ Ä‘iá»‡p VLÄ0017,https://vietflower.vn/wp-content/uploads/2018/08/lanhodiepchau1canh-370x400.jpg,300000,None,TEnh B?n,
203,Lan há»“ Ä‘iá»‡p VLÄ0018,https://vietflower.vn/wp-content/uploads/2018/08/lanhodiep2canh-370x400.jpg,580000,None,TEnh YEu,
204,Lan há»“ Ä‘iá»‡p VLÄ0020,https://vietflower.vn/wp-content/uploads/2018/08/lahodiepvang-370x400.png,1760000,None,TEnh B?n,
205,Lan há»“ Ä‘iá»‡p VLÄ0021,https://vietflower.vn/wp-content/uploads/2018/08/lanhodiephong-370x400.jpg,1100000,None,Khai Tr??ng,
206,Lan há»“ Ä‘iá»‡p VLÄ0021,https://vietflower.vn/wp-content/uploads/2018/08/chaulanhodiep-370x400.jpg,2560000,None,Gia ?Enh,
207,Lan há»“ Ä‘iá»‡p VLÄ0022,https://vietflower.vn/wp-content/uploads/2018/08/lanhodiepgiaretphcm-370x400.jpg,1320000,None,V?n PhEng,
208,Rá»™ng lá»›n â€“ hoa sinh nháº­t,https://vietflower.vn/wp-content/uploads/2017/02/3189_big-love.jpg,1280000,"TÃ¬nh yÃªu thÆ°Æ¡ng mÃªnh mÃ´ng, rá»™ng lá»›n nhÆ° biá»ƒn cáº£, láºµng hoa phá»‘i há»£p táº¥t cáº£ nhá»¯ng tÃ´ng mÃ u Ä‘áº§y tÃ­nh sáº¯c sáº£o vÃ  Ä‘áº³ng cáº¥p. ThÃ­ch há»£p táº·ng sinh nháº­t, chÃºc sá»©c khá»e,",Ti?c C??i,
209,ThiÃªn tháº§n â€“ hoa sinh nháº­t,https://vietflower.vn/wp-content/uploads/2017/02/4615_only-one.jpg,900000,"Xuáº¥t hiá»‡n ra trÆ°á»›c máº¯t ta lÃ  loÃ i hoa lan há»“ Ä‘iá»‡p cao cáº¥p, chá»©ng tá» Ä‘Æ°á»£c Ä‘áº³ng cáº¥p riÃªng biá»‡t khi trao táº·ng, cáº£m tháº¥y Ä‘Æ°á»£c trÃ¢ng trá»ng nhiá»u hÆ¡n ná»¯a, tÃ¬nh cáº£m áº¥y khiáº¿n cho ngÆ°á»i nháº­n khÃ³ quÃªn. BÃ³ hoa sinh nháº­t cao cáº¥p nÃ y phÃ¹ há»£p táº·ng sinh nháº­t ngÆ°á»i yÃªu, sinh nháº­t Ä‘á»“ng nghiá»‡p, sinh nháº­t ngÆ°á»i thÃ¢n.Dá»‹ch vá»¥ Ä‘iá»‡n hoa chá»‰ cÃ³ táº¡i Vietflower :",H?i Ngh?,
210,VÅ© Ä‘iá»‡u thiÃªn tháº§n â€“ hoa sinh nháº­t,https://vietflower.vn/wp-content/uploads/2017/02/4691_ngau-nhien.jpg,1250000,"ÄÃ³ lÃ  sá»± káº¿t há»£p tinh táº¿ cÃ¡c loáº¡i hoa yá»ƒu Ä‘iá»‡u, táº¡o sá»± lÃ£ng máº¡n nháº¹ nhÃ ng, Ãªm Ä‘á»m, trao nhau nhá»«ng tÃ¬nh thÆ°Æ¡ng Ä‘áº§m áº¥m, báº±ng sá»± phá»‘i há»£p cÃ¡c loáº¡i hoa lan cao cáº¥p nhÆ°: lan há»“ Ä‘iá»‡p, lan vÅ© ná»¯, thÃªm vÃ o Ä‘Ã³ lÃ  mÃ u xanh cá»§a Green wicky, sáº£n pháº©m mang Ä‘áº§y tÃ­nh nghá»‡ thuáº­t vÃ  tinh táº¿. Ká»‡ hoa ráº¥t thÃ­ch há»£p lÃ m hoaÂ sinh nháº­t sáº¿p, sinh nháº­t Ä‘á»“ng nghiá»‡p, sinh nháº­t ngÆ°á»i thÃ¢n, má»«ng sá»©c khá»e ba, máº¹â€¦Dá»‹ch vá»¥ Ä‘iá»‡n hoa chá»‰ cÃ³ táº¡i Vietflower :",Trang Tr?ng,
211,VÆ°Æ¡n cao â€“ hoa chÃºc má»«ng,https://vietflower.vn/wp-content/uploads/2017/02/ShowItemSubImage-1-370x480.jpg,1550000,"Ká»‡ hoa khai trÆ°Æ¡ngÂ â€ vÆ°Æ¡n caoâ€ Ä‘Æ°á»£c thiáº¿t káº¿ tinh táº¿ tá»« cÃ¡c loáº¡i hoa tÆ°Æ¡i cao cáº¥p Lan há»“ Ä‘iá»‡p, lily, Ä‘á»“ng tiá»n Ä‘á», mokara vÃ ng. Theo phong thá»§y mÃ u Ä‘á» ráº¥t thÃ­ch há»£p cho há»· sá»±, lá»… há»™i..Ká»‡ hoa tao má»™t sá»± nghiÃªm tÃºc Ä‘áº·c biá»‡t mÃ  shop hoa tÆ°Æ¡i vietflower.vn muá»‘n gá»Ÿi Ä‘áº¿n khÃ¡ch hÃ ng. Máº«u hoa chÃºc má»«ng nÃ y ráº¥t phÃ¹ há»£p lÃ m hoa khai trÆ°Æ¡ng táº·ng Ä‘á»‘i tÃ¡c, hoáº·c lá»… khÃ¡nh thÃ nh, lá»… ká»‰ niá»‡mâ€¦Dá»‹ch vá»¥ Ä‘iá»‡n hoa chá»‰ cÃ³ táº¡i Vietflower :",TEnh YEu,
